Date/Time,Power Produced (W)
2019-04-03 06:35:00 +0530,97
2019-04-03 06:40:00 +0530,30
2019-04-03 06:45:00 +0530,30
2019-04-03 06:50:00 +0530,34
2019-04-03 06:55:00 +0530,36
2019-04-03 07:00:00 +0530,36
2019-04-03 07:05:00 +0530,62
2019-04-03 07:10:00 +0530,77
2019-04-03 07:15:00 +0530,77
2019-04-03 07:20:00 +0530,104
2019-04-03 07:25:00 +0530,119
2019-04-03 07:30:00 +0530,119
2019-04-03 07:35:00 +0530,152
2019-04-03 07:40:00 +0530,171
2019-04-03 07:45:00 +0530,171
2019-04-03 07:50:00 +0530,208
2019-04-03 07:55:00 +0530,230
2019-04-03 08:00:00 +0530,230
2019-04-03 08:05:00 +0530,270
2019-04-03 08:10:00 +0530,294
2019-04-03 08:15:00 +0530,294
2019-04-03 08:20:00 +0530,319
2019-04-03 08:25:00 +0530,336
2019-04-03 08:30:00 +0530,367
2019-04-03 08:35:00 +0530,2
2019-04-03 08:40:00 +0530,0
2019-04-03 08:45:00 +0530,0
2019-04-03 08:50:00 +0530,0
2019-04-03 08:55:00 +0530,0
2019-04-03 09:00:00 +0530,0
2019-04-03 09:05:00 +0530,0
2019-04-03 09:10:00 +0530,0
2019-04-03 09:15:00 +0530,0
2019-04-03 09:20:00 +0530,453
2019-04-03 09:25:00 +0530,572
2019-04-03 09:30:00 +0530,577
2019-04-03 09:35:00 +0530,606
2019-04-03 09:40:00 +0530,624
2019-04-03 09:45:00 +0530,631
2019-04-03 09:50:00 +0530,646
2019-04-03 09:55:00 +0530,663
2019-04-03 10:00:00 +0530,667
2019-04-03 10:05:00 +0530,681
2019-04-03 10:10:00 +0530,697
2019-04-03 10:15:00 +0530,701
2019-04-03 10:20:00 +0530,710
2019-04-03 10:25:00 +0530,730
2019-04-03 10:30:00 +0530,734
2019-04-03 10:35:00 +0530,747
2019-04-03 10:40:00 +0530,768
2019-04-03 10:45:00 +0530,772
2019-04-03 10:50:00 +0530,784
2019-04-03 10:55:00 +0530,790
2019-04-03 11:00:00 +0530,790
2019-04-03 11:05:00 +0530,782
2019-04-03 11:10:00 +0530,790
2019-04-03 11:15:00 +0530,792
2019-04-03 11:20:00 +0530,807
2019-04-03 11:25:00 +0530,821
2019-04-03 11:30:00 +0530,823
2019-04-03 11:35:00 +0530,828
2019-04-03 11:40:00 +0530,826
2019-04-03 11:45:00 +0530,827
2019-04-03 11:50:00 +0530,823
2019-04-03 11:55:00 +0530,826
2019-04-03 12:00:00 +0530,825
2019-04-03 12:05:00 +0530,838
2019-04-03 12:10:00 +0530,852
2019-04-03 12:15:00 +0530,858
2019-04-03 12:20:00 +0530,854
2019-04-03 12:25:00 +0530,857
2019-04-03 12:30:00 +0530,858
2019-04-03 12:35:00 +0530,857
2019-04-03 12:40:00 +0530,852
2019-04-03 12:45:00 +0530,854
2019-04-03 12:50:00 +0530,874
2019-04-03 12:55:00 +0530,886
2019-04-03 13:00:00 +0530,886
2019-04-03 13:05:00 +0530,859
2019-04-03 13:10:00 +0530,841
2019-04-03 13:15:00 +0530,840
2019-04-03 13:20:00 +0530,873
2019-04-03 13:25:00 +0530,851
2019-04-03 13:30:00 +0530,840
2019-04-03 13:35:00 +0530,814
2019-04-03 13:40:00 +0530,830
2019-04-03 13:45:00 +0530,840
2019-04-03 13:50:00 +0530,836
2019-04-03 13:55:00 +0530,809
2019-04-03 14:00:00 +0530,803
2019-04-03 14:05:00 +0530,723
2019-04-03 14:10:00 +0530,710
2019-04-03 14:15:00 +0530,721
2019-04-03 14:20:00 +0530,734
2019-04-03 14:25:00 +0530,706
2019-04-03 14:30:00 +0530,698
2019-04-03 14:35:00 +0530,761
2019-04-03 14:40:00 +0530,553
2019-04-03 14:45:00 +0530,463
2019-04-03 14:50:00 +0530,680
2019-04-03 14:55:00 +0530,729
2019-04-03 15:00:00 +0530,724
2019-04-03 15:05:00 +0530,594
2019-04-03 15:10:00 +0530,617
2019-04-03 15:15:00 +0530,654
2019-04-03 15:20:00 +0530,622
2019-04-03 15:25:00 +0530,571
2019-04-03 15:30:00 +0530,553
2019-04-03 15:35:00 +0530,523
2019-04-03 15:40:00 +0530,467
2019-04-03 15:45:00 +0530,448
2019-04-03 15:50:00 +0530,301
2019-04-03 15:55:00 +0530,392
2019-04-03 16:00:00 +0530,463
2019-04-03 16:05:00 +0530,390
2019-04-03 16:10:00 +0530,338
2019-04-03 16:15:00 +0530,330
2019-04-03 16:20:00 +0530,367
2019-04-03 16:25:00 +0530,371
2019-04-03 16:30:00 +0530,364
2019-04-03 16:35:00 +0530,359
2019-04-03 16:40:00 +0530,333
2019-04-03 16:45:00 +0530,322
2019-04-03 16:50:00 +0530,246
2019-04-03 16:55:00 +0530,226
2019-04-03 17:00:00 +0530,226
2019-04-03 17:05:00 +0530,204
2019-04-03 17:10:00 +0530,196
2019-04-03 17:15:00 +0530,196
2019-04-03 17:20:00 +0530,148
2019-04-03 17:25:00 +0530,131
2019-04-03 17:30:00 +0530,131
2019-04-03 17:35:00 +0530,87
2019-04-03 17:40:00 +0530,71
2019-04-03 17:45:00 +0530,71
2019-04-03 17:50:00 +0530,48
2019-04-03 17:55:00 +0530,39
2019-04-03 18:00:00 +0530,39
2019-04-03 18:05:00 +0530,24
2019-04-03 18:10:00 +0530,19
2019-04-03 18:15:00 +0530,19
2019-04-03 18:20:00 +0530,5
2019-04-03 18:25:00 +0530,0
2019-04-03 18:30:00 +0530,0
2019-04-03 18:35:00 +0530,0
2019-04-03 18:40:00 +0530,0
2019-04-03 18:45:00 +0530,0
2019-04-03 18:50:00 +0530,0
2019-04-03 18:55:00 +0530,0
2019-04-03 19:00:00 +0530,0
2019-04-03 19:05:00 +0530,0
2019-04-03 19:10:00 +0530,0
2019-04-03 19:15:00 +0530,0
2019-04-03 19:20:00 +0530,0
2019-04-03 19:25:00 +0530,0
2019-04-03 19:30:00 +0530,0
2019-04-03 19:35:00 +0530,0
2019-04-03 19:40:00 +0530,0
2019-04-03 19:45:00 +0530,0
2019-04-03 19:50:00 +0530,0
2019-04-03 19:55:00 +0530,0
2019-04-03 20:00:00 +0530,0
2019-04-03 20:05:00 +0530,0
2019-04-03 20:10:00 +0530,0
2019-04-03 20:15:00 +0530,0
2019-04-03 20:20:00 +0530,0
2019-04-03 20:25:00 +0530,0
2019-04-03 20:30:00 +0530,0
2019-04-03 20:35:00 +0530,0
2019-04-03 20:40:00 +0530,0
2019-04-03 20:45:00 +0530,0
2019-04-03 20:50:00 +0530,0
2019-04-03 20:55:00 +0530,0
2019-04-03 21:00:00 +0530,0
2019-04-03 21:05:00 +0530,0
2019-04-03 21:10:00 +0530,0
2019-04-03 21:15:00 +0530,0
2019-04-03 21:20:00 +0530,0
2019-04-03 21:25:00 +0530,0
2019-04-03 21:30:00 +0530,0
2019-04-03 21:35:00 +0530,0
2019-04-03 21:40:00 +0530,0
2019-04-03 21:45:00 +0530,0
2019-04-03 21:50:00 +0530,0
2019-04-03 21:55:00 +0530,0
2019-04-03 22:00:00 +0530,0
2019-04-03 22:05:00 +0530,0
2019-04-03 22:10:00 +0530,0
2019-04-03 22:15:00 +0530,0
2019-04-03 22:20:00 +0530,0
2019-04-03 22:25:00 +0530,0
2019-04-03 22:30:00 +0530,0
2019-04-03 22:35:00 +0530,0
2019-04-03 22:40:00 +0530,0
2019-04-03 22:45:00 +0530,0
2019-04-03 22:50:00 +0530,0
2019-04-03 22:55:00 +0530,0
2019-04-03 23:00:00 +0530,0
2019-04-03 23:05:00 +0530,0
2019-04-03 23:10:00 +0530,0
2019-04-03 23:15:00 +0530,0
2019-04-03 23:20:00 +0530,0
2019-04-03 23:25:00 +0530,0
2019-04-03 23:30:00 +0530,0
2019-04-03 23:35:00 +0530,0
2019-04-03 23:40:00 +0530,0
2019-04-03 23:45:00 +0530,0
2019-04-03 23:50:00 +0530,0
2019-04-03 23:55:00 +0530,0
2019-04-04 00:00:00 +0530,0
2019-04-04 00:05:00 +0530,0
2019-04-04 00:10:00 +0530,0
2019-04-04 00:15:00 +0530,0
2019-04-04 00:20:00 +0530,0
2019-04-04 00:25:00 +0530,0
2019-04-04 00:30:00 +0530,0
2019-04-04 00:35:00 +0530,0
2019-04-04 00:40:00 +0530,0
2019-04-04 00:45:00 +0530,0
2019-04-04 00:50:00 +0530,0
2019-04-04 00:55:00 +0530,0
2019-04-04 01:00:00 +0530,0
2019-04-04 01:05:00 +0530,0
2019-04-04 01:10:00 +0530,0
2019-04-04 01:15:00 +0530,0
2019-04-04 01:20:00 +0530,0
2019-04-04 01:25:00 +0530,0
2019-04-04 01:30:00 +0530,0
2019-04-04 01:35:00 +0530,0
2019-04-04 01:40:00 +0530,0
2019-04-04 01:45:00 +0530,0
2019-04-04 01:50:00 +0530,0
2019-04-04 01:55:00 +0530,0
2019-04-04 02:00:00 +0530,0
2019-04-04 02:05:00 +0530,0
2019-04-04 02:10:00 +0530,0
2019-04-04 02:15:00 +0530,0
2019-04-04 02:20:00 +0530,0
2019-04-04 02:25:00 +0530,0
2019-04-04 02:30:00 +0530,0
2019-04-04 02:35:00 +0530,0
2019-04-04 02:40:00 +0530,0
2019-04-04 02:45:00 +0530,0
2019-04-04 02:50:00 +0530,0
2019-04-04 02:55:00 +0530,0
2019-04-04 03:00:00 +0530,0
2019-04-04 03:05:00 +0530,0
2019-04-04 03:10:00 +0530,0
2019-04-04 03:15:00 +0530,0
2019-04-04 03:20:00 +0530,0
2019-04-04 03:25:00 +0530,0
2019-04-04 03:30:00 +0530,0
2019-04-04 03:35:00 +0530,0
2019-04-04 03:40:00 +0530,0
2019-04-04 03:45:00 +0530,0
2019-04-04 03:50:00 +0530,0
2019-04-04 03:55:00 +0530,0
2019-04-04 04:00:00 +0530,0
2019-04-04 04:05:00 +0530,0
2019-04-04 04:10:00 +0530,0
2019-04-04 04:15:00 +0530,0
2019-04-04 04:20:00 +0530,0
2019-04-04 04:25:00 +0530,0
2019-04-04 04:30:00 +0530,0
2019-04-04 04:35:00 +0530,0
2019-04-04 04:40:00 +0530,0
2019-04-04 04:45:00 +0530,0
2019-04-04 04:50:00 +0530,0
2019-04-04 04:55:00 +0530,0
2019-04-04 05:00:00 +0530,0
2019-04-04 05:05:00 +0530,0
2019-04-04 05:10:00 +0530,0
2019-04-04 05:15:00 +0530,0
2019-04-04 05:20:00 +0530,0
2019-04-04 05:25:00 +0530,0
2019-04-04 05:30:00 +0530,0
2019-04-04 05:35:00 +0530,0
2019-04-04 05:40:00 +0530,0
2019-04-04 05:45:00 +0530,0
2019-04-04 05:50:00 +0530,0
2019-04-04 05:55:00 +0530,0
2019-04-04 06:00:00 +0530,0
2019-04-04 06:05:00 +0530,0
2019-04-04 06:10:00 +0530,0
2019-04-04 06:15:00 +0530,0
2019-04-04 06:20:00 +0530,3
2019-04-04 06:25:00 +0530,8
2019-04-04 06:30:00 +0530,8
2019-04-04 06:35:00 +0530,14
2019-04-04 06:40:00 +0530,22
2019-04-04 06:45:00 +0530,22
2019-04-04 06:50:00 +0530,34
2019-04-04 06:55:00 +0530,50
2019-04-04 07:00:00 +0530,50
2019-04-04 07:05:00 +0530,66
2019-04-04 07:10:00 +0530,85
2019-04-04 07:15:00 +0530,85
2019-04-04 07:20:00 +0530,105
2019-04-04 07:25:00 +0530,129
2019-04-04 07:30:00 +0530,129
2019-04-04 07:35:00 +0530,156
2019-04-04 07:40:00 +0530,190
2019-04-04 07:45:00 +0530,190
2019-04-04 07:50:00 +0530,215
2019-04-04 07:55:00 +0530,246
2019-04-04 08:00:00 +0530,246
2019-04-04 08:05:00 +0530,274
2019-04-04 08:10:00 +0530,313
2019-04-04 08:15:00 +0530,313
2019-04-04 08:20:00 +0530,341
2019-04-04 08:25:00 +0530,382
2019-04-04 08:30:00 +0530,382
2019-04-04 08:35:00 +0530,402
2019-04-04 08:40:00 +0530,434
2019-04-04 08:45:00 +0530,434
2019-04-04 08:50:00 +0530,457
2019-04-04 08:55:00 +0530,489
2019-04-04 09:00:00 +0530,489
2019-04-04 09:05:00 +0530,512
2019-04-04 09:10:00 +0530,553
2019-04-04 09:15:00 +0530,553
2019-04-04 09:20:00 +0530,574
2019-04-04 09:25:00 +0530,606
2019-04-04 09:30:00 +0530,606
2019-04-04 09:35:00 +0530,626
2019-04-04 09:40:00 +0530,657
2019-04-04 09:45:00 +0530,657
2019-04-04 09:50:00 +0530,678
2019-04-04 09:55:00 +0530,700
2019-04-04 10:00:00 +0530,700
2019-04-04 10:05:00 +0530,716
2019-04-04 10:10:00 +0530,741
2019-04-04 10:15:00 +0530,741
2019-04-04 10:20:00 +0530,759
2019-04-04 10:25:00 +0530,787
2019-04-04 10:30:00 +0530,787
2019-04-04 10:35:00 +0530,802
2019-04-04 10:40:00 +0530,825
2019-04-04 10:45:00 +0530,825
2019-04-04 10:50:00 +0530,834
2019-04-04 10:55:00 +0530,846
2019-04-04 11:00:00 +0530,846
2019-04-04 11:05:00 +0530,852
2019-04-04 11:10:00 +0530,868
2019-04-04 11:15:00 +0530,868
2019-04-04 11:20:00 +0530,869
2019-04-04 11:25:00 +0530,876
2019-04-04 11:30:00 +0530,876
2019-04-04 11:35:00 +0530,879
2019-04-04 11:40:00 +0530,887
2019-04-04 11:45:00 +0530,887
2019-04-04 11:50:00 +0530,890
2019-04-04 11:55:00 +0530,891
2019-04-04 12:00:00 +0530,891
2019-04-04 12:05:00 +0530,893
2019-04-04 12:10:00 +0530,902
2019-04-04 12:15:00 +0530,902
2019-04-04 12:20:00 +0530,903
2019-04-04 12:25:00 +0530,901
2019-04-04 12:30:00 +0530,901
2019-04-04 12:35:00 +0530,903
2019-04-04 12:40:00 +0530,907
2019-04-04 12:45:00 +0530,907
2019-04-04 12:50:00 +0530,911
2019-04-04 12:55:00 +0530,912
2019-04-04 13:00:00 +0530,912
2019-04-04 13:05:00 +0530,910
2019-04-04 13:10:00 +0530,907
2019-04-04 13:15:00 +0530,907
2019-04-04 13:20:00 +0530,903
2019-04-04 13:25:00 +0530,889
2019-04-04 13:30:00 +0530,889
2019-04-04 13:35:00 +0530,877
2019-04-04 13:40:00 +0530,854
2019-04-04 13:45:00 +0530,854
2019-04-04 13:50:00 +0530,853
2019-04-04 13:55:00 +0530,845
2019-04-04 14:00:00 +0530,845
2019-04-04 14:05:00 +0530,836
2019-04-04 14:10:00 +0530,818
2019-04-04 14:15:00 +0530,818
2019-04-04 14:20:00 +0530,807
2019-04-04 14:25:00 +0530,782
2019-04-04 14:30:00 +0530,782
2019-04-04 14:35:00 +0530,776
2019-04-04 14:40:00 +0530,763
2019-04-04 14:45:00 +0530,763
2019-04-04 14:50:00 +0530,747
2019-04-04 14:55:00 +0530,711
2019-04-04 15:00:00 +0530,711
2019-04-04 15:05:00 +0530,695
2019-04-04 15:10:00 +0530,663
2019-04-04 15:15:00 +0530,663
2019-04-04 15:20:00 +0530,652
2019-04-04 15:25:00 +0530,626
2019-04-04 15:30:00 +0530,626
2019-04-04 15:35:00 +0530,612
2019-04-04 15:40:00 +0530,573
2019-04-04 15:45:00 +0530,573
2019-04-04 15:50:00 +0530,554
2019-04-04 15:55:00 +0530,502
2019-04-04 16:00:00 +0530,502
2019-04-04 16:05:00 +0530,484
2019-04-04 16:10:00 +0530,441
2019-04-04 16:15:00 +0530,441
2019-04-04 16:20:00 +0530,428
2019-04-04 16:25:00 +0530,400
2019-04-04 16:30:00 +0530,400
2019-04-04 16:35:00 +0530,383
2019-04-04 16:40:00 +0530,332
2019-04-04 16:45:00 +0530,332
2019-04-04 16:50:00 +0530,312
2019-04-04 16:55:00 +0530,249
2019-04-04 17:00:00 +0530,249
2019-04-04 17:05:00 +0530,232
2019-04-04 17:10:00 +0530,175
2019-04-04 17:15:00 +0530,175
2019-04-04 17:20:00 +0530,161
2019-04-04 17:25:00 +0530,116
2019-04-04 17:30:00 +0530,116
2019-04-04 17:35:00 +0530,99
2019-04-04 17:40:00 +0530,42
2019-04-04 17:45:00 +0530,42
2019-04-04 17:50:00 +0530,37
2019-04-04 17:55:00 +0530,22
2019-04-04 18:00:00 +0530,22
2019-04-04 18:05:00 +0530,21
2019-04-04 18:10:00 +0530,18
2019-04-04 18:15:00 +0530,18
2019-04-04 18:20:00 +0530,14
2019-04-04 18:25:00 +0530,0
2019-04-04 18:30:00 +0530,0
2019-04-04 18:35:00 +0530,0
2019-04-04 18:40:00 +0530,0
2019-04-04 18:45:00 +0530,0
2019-04-04 18:50:00 +0530,0
2019-04-04 18:55:00 +0530,0
2019-04-04 19:00:00 +0530,0
2019-04-04 19:05:00 +0530,0
2019-04-04 19:10:00 +0530,0
2019-04-04 19:15:00 +0530,0
2019-04-04 19:20:00 +0530,0
2019-04-04 19:25:00 +0530,0
2019-04-04 19:30:00 +0530,0
2019-04-04 19:35:00 +0530,0
2019-04-04 19:40:00 +0530,0
2019-04-04 19:45:00 +0530,0
2019-04-04 19:50:00 +0530,0
2019-04-04 19:55:00 +0530,0
2019-04-04 20:00:00 +0530,0
2019-04-04 20:05:00 +0530,0
2019-04-04 20:10:00 +0530,0
2019-04-04 20:15:00 +0530,0
2019-04-04 20:20:00 +0530,0
2019-04-04 20:25:00 +0530,0
2019-04-04 20:30:00 +0530,0
2019-04-04 20:35:00 +0530,0
2019-04-04 20:40:00 +0530,0
2019-04-04 20:45:00 +0530,0
2019-04-04 20:50:00 +0530,0
2019-04-04 20:55:00 +0530,0
2019-04-04 21:00:00 +0530,0
2019-04-04 21:05:00 +0530,0
2019-04-04 21:10:00 +0530,0
2019-04-04 21:15:00 +0530,0
2019-04-04 21:20:00 +0530,0
2019-04-04 21:25:00 +0530,0
2019-04-04 21:30:00 +0530,0
2019-04-04 21:35:00 +0530,0
2019-04-04 21:40:00 +0530,0
2019-04-04 21:45:00 +0530,0
2019-04-04 21:50:00 +0530,0
2019-04-04 21:55:00 +0530,0
2019-04-04 22:00:00 +0530,0
2019-04-04 22:05:00 +0530,0
2019-04-04 22:10:00 +0530,0
2019-04-04 22:15:00 +0530,0
2019-04-04 22:20:00 +0530,0
2019-04-04 22:25:00 +0530,0
2019-04-04 22:30:00 +0530,0
2019-04-04 22:35:00 +0530,0
2019-04-04 22:40:00 +0530,0
2019-04-04 22:45:00 +0530,0
2019-04-04 22:50:00 +0530,0
2019-04-04 22:55:00 +0530,0
2019-04-04 23:00:00 +0530,0
2019-04-04 23:05:00 +0530,0
2019-04-04 23:10:00 +0530,0
2019-04-04 23:15:00 +0530,0
2019-04-04 23:20:00 +0530,0
2019-04-04 23:25:00 +0530,0
2019-04-04 23:30:00 +0530,0
2019-04-04 23:35:00 +0530,0
2019-04-04 23:40:00 +0530,0
2019-04-04 23:45:00 +0530,0
2019-04-04 23:50:00 +0530,0
2019-04-04 23:55:00 +0530,0
2019-04-05 00:00:00 +0530,0
2019-04-05 00:05:00 +0530,0
2019-04-05 00:10:00 +0530,0
2019-04-05 00:15:00 +0530,0
2019-04-05 00:20:00 +0530,0
2019-04-05 00:25:00 +0530,0
2019-04-05 00:30:00 +0530,0
2019-04-05 00:35:00 +0530,0
2019-04-05 00:40:00 +0530,0
2019-04-05 00:45:00 +0530,0
2019-04-05 00:50:00 +0530,0
2019-04-05 00:55:00 +0530,0
2019-04-05 01:00:00 +0530,0
2019-04-05 01:05:00 +0530,0
2019-04-05 01:10:00 +0530,0
2019-04-05 01:15:00 +0530,0
2019-04-05 01:20:00 +0530,0
2019-04-05 01:25:00 +0530,0
2019-04-05 01:30:00 +0530,0
2019-04-05 01:35:00 +0530,0
2019-04-05 01:40:00 +0530,0
2019-04-05 01:45:00 +0530,0
2019-04-05 01:50:00 +0530,0
2019-04-05 01:55:00 +0530,0
2019-04-05 02:00:00 +0530,0
2019-04-05 02:05:00 +0530,0
2019-04-05 02:10:00 +0530,0
2019-04-05 02:15:00 +0530,0
2019-04-05 02:20:00 +0530,0
2019-04-05 02:25:00 +0530,0
2019-04-05 02:30:00 +0530,0
2019-04-05 02:35:00 +0530,0
2019-04-05 02:40:00 +0530,0
2019-04-05 02:45:00 +0530,0
2019-04-05 02:50:00 +0530,0
2019-04-05 02:55:00 +0530,0
2019-04-05 03:00:00 +0530,0
2019-04-05 03:05:00 +0530,0
2019-04-05 03:10:00 +0530,0
2019-04-05 03:15:00 +0530,0
2019-04-05 03:20:00 +0530,0
2019-04-05 03:25:00 +0530,0
2019-04-05 03:30:00 +0530,0
2019-04-05 03:35:00 +0530,0
2019-04-05 03:40:00 +0530,0
2019-04-05 03:45:00 +0530,0
2019-04-05 03:50:00 +0530,0
2019-04-05 03:55:00 +0530,0
2019-04-05 04:00:00 +0530,0
2019-04-05 04:05:00 +0530,0
2019-04-05 04:10:00 +0530,0
2019-04-05 04:15:00 +0530,0
2019-04-05 04:20:00 +0530,0
2019-04-05 04:25:00 +0530,0
2019-04-05 04:30:00 +0530,0
2019-04-05 04:35:00 +0530,0
2019-04-05 04:40:00 +0530,0
2019-04-05 04:45:00 +0530,0
2019-04-05 04:50:00 +0530,0
2019-04-05 04:55:00 +0530,0
2019-04-05 05:00:00 +0530,0
2019-04-05 05:05:00 +0530,0
2019-04-05 05:10:00 +0530,0
2019-04-05 05:15:00 +0530,0
2019-04-05 05:20:00 +0530,0
2019-04-05 05:25:00 +0530,0
2019-04-05 05:30:00 +0530,0
2019-04-05 05:35:00 +0530,0
2019-04-05 05:40:00 +0530,0
2019-04-05 05:45:00 +0530,0
2019-04-05 05:50:00 +0530,0
2019-04-05 05:55:00 +0530,0
2019-04-05 06:00:00 +0530,0
2019-04-05 06:05:00 +0530,0
2019-04-05 06:10:00 +0530,0
2019-04-05 06:15:00 +0530,0
2019-04-05 06:20:00 +0530,0
2019-04-05 06:25:00 +0530,13
2019-04-05 06:30:00 +0530,13
2019-04-05 06:35:00 +0530,13
2019-04-05 06:40:00 +0530,23
2019-04-05 06:45:00 +0530,24
2019-04-05 06:50:00 +0530,24
2019-04-05 06:55:00 +0530,52
2019-04-05 07:00:00 +0530,53
2019-04-05 07:05:00 +0530,53
2019-04-05 07:10:00 +0530,86
2019-04-05 07:15:00 +0530,87
2019-04-05 07:20:00 +0530,87
2019-04-05 07:25:00 +0530,129
2019-04-05 07:30:00 +0530,131
2019-04-05 07:35:00 +0530,131
2019-04-05 07:40:00 +0530,163
2019-04-05 07:45:00 +0530,165
2019-04-05 07:50:00 +0530,165
2019-04-05 07:55:00 +0530,203
2019-04-05 08:00:00 +0530,204
2019-04-05 08:05:00 +0530,204
2019-04-05 08:10:00 +0530,290
2019-04-05 08:15:00 +0530,297
2019-04-05 08:20:00 +0530,297
2019-04-05 08:25:00 +0530,357
2019-04-05 08:30:00 +0530,361
2019-04-05 08:35:00 +0530,361
2019-04-05 08:40:00 +0530,413
2019-04-05 08:45:00 +0530,418
2019-04-05 08:50:00 +0530,418
2019-04-05 08:55:00 +0530,454
2019-04-05 09:00:00 +0530,458
2019-04-05 09:05:00 +0530,458
2019-04-05 09:10:00 +0530,519
2019-04-05 09:15:00 +0530,525
2019-04-05 09:20:00 +0530,525
2019-04-05 09:25:00 +0530,583
2019-04-05 09:30:00 +0530,589
2019-04-05 09:35:00 +0530,589
2019-04-05 09:40:00 +0530,634
2019-04-05 09:45:00 +0530,638
2019-04-05 09:50:00 +0530,638
2019-04-05 09:55:00 +0530,680
2019-04-05 10:00:00 +0530,682
2019-04-05 10:05:00 +0530,682
2019-04-05 10:10:00 +0530,712
2019-04-05 10:15:00 +0530,714
2019-04-05 10:20:00 +0530,714
2019-04-05 10:25:00 +0530,747
2019-04-05 10:30:00 +0530,748
2019-04-05 10:35:00 +0530,748
2019-04-05 10:40:00 +0530,772
2019-04-05 10:45:00 +0530,773
2019-04-05 10:50:00 +0530,773
2019-04-05 10:55:00 +0530,794
2019-04-05 11:00:00 +0530,793
2019-04-05 11:05:00 +0530,793
2019-04-05 11:10:00 +0530,803
2019-04-05 11:15:00 +0530,803
2019-04-05 11:20:00 +0530,803
2019-04-05 11:25:00 +0530,823
2019-04-05 11:30:00 +0530,827
2019-04-05 11:35:00 +0530,827
2019-04-05 11:40:00 +0530,835
2019-04-05 11:45:00 +0530,836
2019-04-05 11:50:00 +0530,836
2019-04-05 11:55:00 +0530,847
2019-04-05 12:00:00 +0530,848
2019-04-05 12:05:00 +0530,848
2019-04-05 12:10:00 +0530,848
2019-04-05 12:15:00 +0530,848
2019-04-05 12:20:00 +0530,848
2019-04-05 12:25:00 +0530,863
2019-04-05 12:30:00 +0530,860
2019-04-05 12:35:00 +0530,860
2019-04-05 12:40:00 +0530,879
2019-04-05 12:45:00 +0530,880
2019-04-05 12:50:00 +0530,880
2019-04-05 12:55:00 +0530,850
2019-04-05 13:00:00 +0530,838
2019-04-05 13:05:00 +0530,838
2019-04-05 13:10:00 +0530,838
2019-04-05 13:15:00 +0530,840
2019-04-05 13:20:00 +0530,840
2019-04-05 13:25:00 +0530,826
2019-04-05 13:30:00 +0530,820
2019-04-05 13:35:00 +0530,820
2019-04-05 13:40:00 +0530,777
2019-04-05 13:45:00 +0530,768
2019-04-05 13:50:00 +0530,768
2019-04-05 13:55:00 +0530,805
2019-04-05 14:00:00 +0530,811
2019-04-05 14:05:00 +0530,811
2019-04-05 14:10:00 +0530,405
2019-04-05 14:15:00 +0530,303
2019-04-05 14:20:00 +0530,303
2019-04-05 14:25:00 +0530,631
2019-04-05 14:30:00 +0530,718
2019-04-05 14:35:00 +0530,718
2019-04-05 14:40:00 +0530,707
2019-04-05 14:45:00 +0530,709
2019-04-05 14:50:00 +0530,709
2019-04-05 14:55:00 +0530,650
2019-04-05 15:00:00 +0530,634
2019-04-05 15:05:00 +0530,634
2019-04-05 15:10:00 +0530,509
2019-04-05 15:15:00 +0530,476
2019-04-05 15:20:00 +0530,476
2019-04-05 15:25:00 +0530,595
2019-04-05 15:30:00 +0530,631
2019-04-05 15:35:00 +0530,631
2019-04-05 15:40:00 +0530,548
2019-04-05 15:45:00 +0530,522
2019-04-05 15:50:00 +0530,522
2019-04-05 15:55:00 +0530,421
2019-04-05 16:00:00 +0530,389
2019-04-05 16:05:00 +0530,389
2019-04-05 16:10:00 +0530,439
2019-04-05 16:15:00 +0530,452
2019-04-05 16:20:00 +0530,452
2019-04-05 16:25:00 +0530,316
2019-04-05 16:30:00 +0530,270
2019-04-05 16:35:00 +0530,270
2019-04-05 16:40:00 +0530,193
2019-04-05 16:45:00 +0530,167
2019-04-05 16:50:00 +0530,167
2019-04-05 16:55:00 +0530,200
2019-04-05 17:00:00 +0530,210
2019-04-05 17:05:00 +0530,210
2019-04-05 17:10:00 +0530,170
2019-04-05 17:15:00 +0530,155
2019-04-05 17:20:00 +0530,155
2019-04-05 17:25:00 +0530,110
2019-04-05 17:30:00 +0530,93
2019-04-05 17:35:00 +0530,93
2019-04-05 17:40:00 +0530,61
2019-04-05 17:45:00 +0530,49
2019-04-05 17:50:00 +0530,49
2019-04-05 17:55:00 +0530,37
2019-04-05 18:00:00 +0530,32
2019-04-05 18:05:00 +0530,32
2019-04-05 18:10:00 +0530,18
2019-04-05 18:15:00 +0530,12
2019-04-05 18:20:00 +0530,12
2019-04-05 18:25:00 +0530,3
2019-04-05 18:30:00 +0530,0
2019-04-05 18:35:00 +0530,0
2019-04-05 18:40:00 +0530,0
2019-04-05 18:45:00 +0530,0
2019-04-05 18:50:00 +0530,0
2019-04-05 18:55:00 +0530,0
2019-04-05 19:00:00 +0530,0
2019-04-05 19:05:00 +0530,0
2019-04-05 19:10:00 +0530,0
2019-04-05 19:15:00 +0530,0
2019-04-05 19:20:00 +0530,0
2019-04-05 19:25:00 +0530,0
2019-04-05 19:30:00 +0530,0
2019-04-05 19:35:00 +0530,0
2019-04-05 19:40:00 +0530,0
2019-04-05 19:45:00 +0530,0
2019-04-05 19:50:00 +0530,0
2019-04-05 19:55:00 +0530,0
2019-04-05 20:00:00 +0530,0
2019-04-05 20:05:00 +0530,0
2019-04-05 20:10:00 +0530,0
2019-04-05 20:15:00 +0530,0
2019-04-05 20:20:00 +0530,0
2019-04-05 20:25:00 +0530,0
2019-04-05 20:30:00 +0530,0
2019-04-05 20:35:00 +0530,0
2019-04-05 20:40:00 +0530,0
2019-04-05 20:45:00 +0530,0
2019-04-05 20:50:00 +0530,0
2019-04-05 20:55:00 +0530,0
2019-04-05 21:00:00 +0530,0
2019-04-05 21:05:00 +0530,0
2019-04-05 21:10:00 +0530,0
2019-04-05 21:15:00 +0530,0
2019-04-05 21:20:00 +0530,0
2019-04-05 21:25:00 +0530,0
2019-04-05 21:30:00 +0530,0
2019-04-05 21:35:00 +0530,0
2019-04-05 21:40:00 +0530,0
2019-04-05 21:45:00 +0530,0
2019-04-05 21:50:00 +0530,0
2019-04-05 21:55:00 +0530,0
2019-04-05 22:00:00 +0530,0
2019-04-05 22:05:00 +0530,0
2019-04-05 22:10:00 +0530,0
2019-04-05 22:15:00 +0530,0
2019-04-05 22:20:00 +0530,0
2019-04-05 22:25:00 +0530,0
2019-04-05 22:30:00 +0530,0
2019-04-05 22:35:00 +0530,0
2019-04-05 22:40:00 +0530,0
2019-04-05 22:45:00 +0530,0
2019-04-05 22:50:00 +0530,0
2019-04-05 22:55:00 +0530,0
2019-04-05 23:00:00 +0530,0
2019-04-05 23:05:00 +0530,0
2019-04-05 23:10:00 +0530,0
2019-04-05 23:15:00 +0530,0
2019-04-05 23:20:00 +0530,0
2019-04-05 23:25:00 +0530,0
2019-04-05 23:30:00 +0530,0
2019-04-05 23:35:00 +0530,0
2019-04-05 23:40:00 +0530,0
2019-04-05 23:45:00 +0530,0
2019-04-05 23:50:00 +0530,0
2019-04-05 23:55:00 +0530,0
2019-04-06 00:00:00 +0530,0
2019-04-06 00:05:00 +0530,0
2019-04-06 00:10:00 +0530,0
2019-04-06 00:15:00 +0530,0
2019-04-06 00:20:00 +0530,0
2019-04-06 00:25:00 +0530,0
2019-04-06 00:30:00 +0530,0
2019-04-06 00:35:00 +0530,0
2019-04-06 00:40:00 +0530,0
2019-04-06 00:45:00 +0530,0
2019-04-06 00:50:00 +0530,0
2019-04-06 00:55:00 +0530,0
2019-04-06 01:00:00 +0530,0
2019-04-06 01:05:00 +0530,0
2019-04-06 01:10:00 +0530,0
2019-04-06 01:15:00 +0530,0
2019-04-06 01:20:00 +0530,0
2019-04-06 01:25:00 +0530,0
2019-04-06 01:30:00 +0530,0
2019-04-06 01:35:00 +0530,0
2019-04-06 01:40:00 +0530,0
2019-04-06 01:45:00 +0530,0
2019-04-06 01:50:00 +0530,0
2019-04-06 01:55:00 +0530,0
2019-04-06 02:00:00 +0530,0
2019-04-06 02:05:00 +0530,0
2019-04-06 02:10:00 +0530,0
2019-04-06 02:15:00 +0530,0
2019-04-06 02:20:00 +0530,0
2019-04-06 02:25:00 +0530,0
2019-04-06 02:30:00 +0530,0
2019-04-06 02:35:00 +0530,0
2019-04-06 02:40:00 +0530,0
2019-04-06 02:45:00 +0530,0
2019-04-06 02:50:00 +0530,0
2019-04-06 02:55:00 +0530,0
2019-04-06 03:00:00 +0530,0
2019-04-06 03:05:00 +0530,0
2019-04-06 03:10:00 +0530,0
2019-04-06 03:15:00 +0530,0
2019-04-06 03:20:00 +0530,0
2019-04-06 03:25:00 +0530,0
2019-04-06 03:30:00 +0530,0
2019-04-06 03:35:00 +0530,0
2019-04-06 03:40:00 +0530,0
2019-04-06 03:45:00 +0530,0
2019-04-06 03:50:00 +0530,0
2019-04-06 03:55:00 +0530,0
2019-04-06 04:00:00 +0530,0
2019-04-06 04:05:00 +0530,0
2019-04-06 04:10:00 +0530,0
2019-04-06 04:15:00 +0530,0
2019-04-06 04:20:00 +0530,0
2019-04-06 04:25:00 +0530,0
2019-04-06 04:30:00 +0530,0
2019-04-06 04:35:00 +0530,0
2019-04-06 04:40:00 +0530,0
2019-04-06 04:45:00 +0530,0
2019-04-06 04:50:00 +0530,0
2019-04-06 04:55:00 +0530,0
2019-04-06 05:00:00 +0530,0
2019-04-06 05:05:00 +0530,0
2019-04-06 05:10:00 +0530,0
2019-04-06 05:15:00 +0530,0
2019-04-06 05:20:00 +0530,0
2019-04-06 05:25:00 +0530,0
2019-04-06 05:30:00 +0530,0
2019-04-06 05:35:00 +0530,0
2019-04-06 05:40:00 +0530,0
2019-04-06 05:45:00 +0530,0
2019-04-06 05:50:00 +0530,0
2019-04-06 05:55:00 +0530,0
2019-04-06 06:00:00 +0530,0
2019-04-06 06:05:00 +0530,0
2019-04-06 06:10:00 +0530,0
2019-04-06 06:15:00 +0530,0
2019-04-06 06:20:00 +0530,1
2019-04-06 06:25:00 +0530,9
2019-04-06 06:30:00 +0530,20
2019-04-06 06:35:00 +0530,20
2019-04-06 06:40:00 +0530,22
2019-04-06 06:45:00 +0530,25
2019-04-06 06:50:00 +0530,25
2019-04-06 06:55:00 +0530,40
2019-04-06 07:00:00 +0530,59
2019-04-06 07:05:00 +0530,59
2019-04-06 07:10:00 +0530,75
2019-04-06 07:15:00 +0530,94
2019-04-06 07:20:00 +0530,94
2019-04-06 07:25:00 +0530,114
2019-04-06 07:30:00 +0530,139
2019-04-06 07:35:00 +0530,139
2019-04-06 07:40:00 +0530,165
2019-04-06 07:45:00 +0530,199
2019-04-06 07:50:00 +0530,199
2019-04-06 07:55:00 +0530,228
2019-04-06 08:00:00 +0530,263
2019-04-06 08:05:00 +0530,263
2019-04-06 08:10:00 +0530,288
2019-04-06 08:15:00 +0530,322
2019-04-06 08:20:00 +0530,322
2019-04-06 08:25:00 +0530,347
2019-04-06 08:30:00 +0530,381
2019-04-06 08:35:00 +0530,381
2019-04-06 08:40:00 +0530,404
2019-04-06 08:45:00 +0530,431
2019-04-06 08:50:00 +0530,431
2019-04-06 08:55:00 +0530,461
2019-04-06 09:00:00 +0530,500
2019-04-06 09:05:00 +0530,500
2019-04-06 09:10:00 +0530,521
2019-04-06 09:15:00 +0530,551
2019-04-06 09:20:00 +0530,551
2019-04-06 09:25:00 +0530,570
2019-04-06 09:30:00 +0530,596
2019-04-06 09:35:00 +0530,596
2019-04-06 09:40:00 +0530,610
2019-04-06 09:45:00 +0530,632
2019-04-06 09:50:00 +0530,632
2019-04-06 09:55:00 +0530,648
2019-04-06 10:00:00 +0530,670
2019-04-06 10:05:00 +0530,670
2019-04-06 10:10:00 +0530,689
2019-04-06 10:15:00 +0530,718
2019-04-06 10:20:00 +0530,718
2019-04-06 10:25:00 +0530,733
2019-04-06 10:30:00 +0530,756
2019-04-06 10:35:00 +0530,756
2019-04-06 10:40:00 +0530,757
2019-04-06 10:45:00 +0530,759
2019-04-06 10:50:00 +0530,759
2019-04-06 10:55:00 +0530,763
2019-04-06 11:00:00 +0530,769
2019-04-06 11:05:00 +0530,769
2019-04-06 11:10:00 +0530,784
2019-04-06 11:15:00 +0530,808
2019-04-06 11:20:00 +0530,808
2019-04-06 11:25:00 +0530,815
2019-04-06 11:30:00 +0530,826
2019-04-06 11:35:00 +0530,826
2019-04-06 11:40:00 +0530,827
2019-04-06 11:45:00 +0530,820
2019-04-06 11:50:00 +0530,820
2019-04-06 11:55:00 +0530,827
2019-04-06 12:00:00 +0530,829
2019-04-06 12:05:00 +0530,829
2019-04-06 12:10:00 +0530,828
2019-04-06 12:15:00 +0530,827
2019-04-06 12:20:00 +0530,827
2019-04-06 12:25:00 +0530,823
2019-04-06 12:30:00 +0530,808
2019-04-06 12:35:00 +0530,808
2019-04-06 12:40:00 +0530,804
2019-04-06 12:45:00 +0530,790
2019-04-06 12:50:00 +0530,790
2019-04-06 12:55:00 +0530,800
2019-04-06 13:00:00 +0530,805
2019-04-06 13:05:00 +0530,805
2019-04-06 13:10:00 +0530,797
2019-04-06 13:15:00 +0530,775
2019-04-06 13:20:00 +0530,775
2019-04-06 13:25:00 +0530,768
2019-04-06 13:30:00 +0530,754
2019-04-06 13:35:00 +0530,754
2019-04-06 13:40:00 +0530,761
2019-04-06 13:45:00 +0530,773
2019-04-06 13:50:00 +0530,773
2019-04-06 13:55:00 +0530,780
2019-04-06 14:00:00 +0530,793
2019-04-06 14:05:00 +0530,793
2019-04-06 14:10:00 +0530,780
2019-04-06 14:15:00 +0530,753
2019-04-06 14:20:00 +0530,753
2019-04-06 14:25:00 +0530,746
2019-04-06 14:30:00 +0530,724
2019-04-06 14:35:00 +0530,724
2019-04-06 14:40:00 +0530,715
2019-04-06 14:45:00 +0530,688
2019-04-06 14:50:00 +0530,688
2019-04-06 14:55:00 +0530,674
2019-04-06 15:00:00 +0530,634
2019-04-06 15:05:00 +0530,634
2019-04-06 15:10:00 +0530,595
2019-04-06 15:15:00 +0530,486
2019-04-06 15:20:00 +0530,486
2019-04-06 15:25:00 +0530,486
2019-04-06 15:30:00 +0530,484
2019-04-06 15:35:00 +0530,484
2019-04-06 15:40:00 +0530,490
2019-04-06 15:45:00 +0530,501
2019-04-06 15:50:00 +0530,501
2019-04-06 15:55:00 +0530,489
2019-04-06 16:00:00 +0530,449
2019-04-06 16:05:00 +0530,449
2019-04-06 16:10:00 +0530,436
2019-04-06 16:15:00 +0530,399
2019-04-06 16:20:00 +0530,399
2019-04-06 16:25:00 +0530,384
2019-04-06 16:30:00 +0530,341
2019-04-06 16:35:00 +0530,341
2019-04-06 16:40:00 +0530,326
2019-04-06 16:45:00 +0530,277
2019-04-06 16:50:00 +0530,277
2019-04-06 16:55:00 +0530,259
2019-04-06 17:00:00 +0530,203
2019-04-06 17:05:00 +0530,203
2019-04-06 17:10:00 +0530,189
2019-04-06 17:15:00 +0530,142
2019-04-06 17:20:00 +0530,142
2019-04-06 17:25:00 +0530,128
2019-04-06 17:30:00 +0530,84
2019-04-06 17:35:00 +0530,84
2019-04-06 17:40:00 +0530,76
2019-04-06 17:45:00 +0530,49
2019-04-06 17:50:00 +0530,49
2019-04-06 17:55:00 +0530,45
2019-04-06 18:00:00 +0530,30
2019-04-06 18:05:00 +0530,30
2019-04-06 18:10:00 +0530,25
2019-04-06 18:15:00 +0530,11
2019-04-06 18:20:00 +0530,11
2019-04-06 18:25:00 +0530,8
2019-04-06 18:30:00 +0530,0
2019-04-06 18:35:00 +0530,0
2019-04-06 18:40:00 +0530,0
2019-04-06 18:45:00 +0530,0
2019-04-06 18:50:00 +0530,0
2019-04-06 18:55:00 +0530,0
2019-04-06 19:00:00 +0530,0
2019-04-06 19:05:00 +0530,0
2019-04-06 19:10:00 +0530,0
2019-04-06 19:15:00 +0530,0
2019-04-06 19:20:00 +0530,0
2019-04-06 19:25:00 +0530,0
2019-04-06 19:30:00 +0530,0
2019-04-06 19:35:00 +0530,0
2019-04-06 19:40:00 +0530,0
2019-04-06 19:45:00 +0530,0
2019-04-06 19:50:00 +0530,0
2019-04-06 19:55:00 +0530,0
2019-04-06 20:00:00 +0530,0
2019-04-06 20:05:00 +0530,0
2019-04-06 20:10:00 +0530,0
2019-04-06 20:15:00 +0530,0
2019-04-06 20:20:00 +0530,0
2019-04-06 20:25:00 +0530,0
2019-04-06 20:30:00 +0530,0
2019-04-06 20:35:00 +0530,0
2019-04-06 20:40:00 +0530,0
2019-04-06 20:45:00 +0530,0
2019-04-06 20:50:00 +0530,0
2019-04-06 20:55:00 +0530,0
2019-04-06 21:00:00 +0530,0
2019-04-06 21:05:00 +0530,0
2019-04-06 21:10:00 +0530,0
2019-04-06 21:15:00 +0530,0
2019-04-06 21:20:00 +0530,0
2019-04-06 21:25:00 +0530,0
2019-04-06 21:30:00 +0530,0
2019-04-06 21:35:00 +0530,0
2019-04-06 21:40:00 +0530,0
2019-04-06 21:45:00 +0530,0
2019-04-06 21:50:00 +0530,0
2019-04-06 21:55:00 +0530,0
2019-04-06 22:00:00 +0530,0
2019-04-06 22:05:00 +0530,0
2019-04-06 22:10:00 +0530,0
2019-04-06 22:15:00 +0530,0
2019-04-06 22:20:00 +0530,0
2019-04-06 22:25:00 +0530,0
2019-04-06 22:30:00 +0530,0
2019-04-06 22:35:00 +0530,0
2019-04-06 22:40:00 +0530,0
2019-04-06 22:45:00 +0530,0
2019-04-06 22:50:00 +0530,0
2019-04-06 22:55:00 +0530,0
2019-04-06 23:00:00 +0530,0
2019-04-06 23:05:00 +0530,0
2019-04-06 23:10:00 +0530,0
2019-04-06 23:15:00 +0530,0
2019-04-06 23:20:00 +0530,0
2019-04-06 23:25:00 +0530,0
2019-04-06 23:30:00 +0530,0
2019-04-06 23:35:00 +0530,0
2019-04-06 23:40:00 +0530,0
2019-04-06 23:45:00 +0530,0
2019-04-06 23:50:00 +0530,0
2019-04-06 23:55:00 +0530,0
2019-04-07 00:00:00 +0530,0
2019-04-07 00:05:00 +0530,0
2019-04-07 00:10:00 +0530,0
2019-04-07 00:15:00 +0530,0
2019-04-07 00:20:00 +0530,0
2019-04-07 00:25:00 +0530,0
2019-04-07 00:30:00 +0530,0
2019-04-07 00:35:00 +0530,0
2019-04-07 00:40:00 +0530,0
2019-04-07 00:45:00 +0530,0
2019-04-07 00:50:00 +0530,0
2019-04-07 00:55:00 +0530,0
2019-04-07 01:00:00 +0530,0
2019-04-07 01:05:00 +0530,0
2019-04-07 01:10:00 +0530,0
2019-04-07 01:15:00 +0530,0
2019-04-07 01:20:00 +0530,0
2019-04-07 01:25:00 +0530,0
2019-04-07 01:30:00 +0530,0
2019-04-07 01:35:00 +0530,0
2019-04-07 01:40:00 +0530,0
2019-04-07 01:45:00 +0530,0
2019-04-07 01:50:00 +0530,0
2019-04-07 01:55:00 +0530,0
2019-04-07 02:00:00 +0530,0
2019-04-07 02:05:00 +0530,0
2019-04-07 02:10:00 +0530,0
2019-04-07 02:15:00 +0530,0
2019-04-07 02:20:00 +0530,0
2019-04-07 02:25:00 +0530,0
2019-04-07 02:30:00 +0530,0
2019-04-07 02:35:00 +0530,0
2019-04-07 02:40:00 +0530,0
2019-04-07 02:45:00 +0530,0
2019-04-07 02:50:00 +0530,0
2019-04-07 02:55:00 +0530,0
2019-04-07 03:00:00 +0530,0
2019-04-07 03:05:00 +0530,0
2019-04-07 03:10:00 +0530,0
2019-04-07 03:15:00 +0530,0
2019-04-07 03:20:00 +0530,0
2019-04-07 03:25:00 +0530,0
2019-04-07 03:30:00 +0530,0
2019-04-07 03:35:00 +0530,0
2019-04-07 03:40:00 +0530,0
2019-04-07 03:45:00 +0530,0
2019-04-07 03:50:00 +0530,0
2019-04-07 03:55:00 +0530,0
2019-04-07 04:00:00 +0530,0
2019-04-07 04:05:00 +0530,0
2019-04-07 04:10:00 +0530,0
2019-04-07 04:15:00 +0530,0
2019-04-07 04:20:00 +0530,0
2019-04-07 04:25:00 +0530,0
2019-04-07 04:30:00 +0530,0
2019-04-07 04:35:00 +0530,0
2019-04-07 04:40:00 +0530,0
2019-04-07 04:45:00 +0530,0
2019-04-07 04:50:00 +0530,0
2019-04-07 04:55:00 +0530,0
2019-04-07 05:00:00 +0530,0
2019-04-07 05:05:00 +0530,0
2019-04-07 05:10:00 +0530,0
2019-04-07 05:15:00 +0530,0
2019-04-07 05:20:00 +0530,0
2019-04-07 05:25:00 +0530,0
2019-04-07 05:30:00 +0530,0
2019-04-07 05:35:00 +0530,0
2019-04-07 05:40:00 +0530,0
2019-04-07 05:45:00 +0530,0
2019-04-07 05:50:00 +0530,0
2019-04-07 05:55:00 +0530,0
2019-04-07 06:00:00 +0530,0
2019-04-07 06:05:00 +0530,0
2019-04-07 06:10:00 +0530,0
2019-04-07 06:15:00 +0530,0
2019-04-07 06:20:00 +0530,1
2019-04-07 06:25:00 +0530,1
2019-04-07 06:30:00 +0530,23
2019-04-07 06:35:00 +0530,25
2019-04-07 06:40:00 +0530,25
2019-04-07 06:45:00 +0530,25
2019-04-07 06:50:00 +0530,25
2019-04-07 06:55:00 +0530,25
2019-04-07 07:00:00 +0530,59
2019-04-07 07:05:00 +0530,61
2019-04-07 07:10:00 +0530,61
2019-04-07 07:15:00 +0530,95
2019-04-07 07:20:00 +0530,97
2019-04-07 07:25:00 +0530,97
2019-04-07 07:30:00 +0530,141
2019-04-07 07:35:00 +0530,143
2019-04-07 07:40:00 +0530,143
2019-04-07 07:45:00 +0530,194
2019-04-07 07:50:00 +0530,197
2019-04-07 07:55:00 +0530,197
2019-04-07 08:00:00 +0530,252
2019-04-07 08:05:00 +0530,255
2019-04-07 08:10:00 +0530,255
2019-04-07 08:15:00 +0530,310
2019-04-07 08:20:00 +0530,313
2019-04-07 08:25:00 +0530,313
2019-04-07 08:30:00 +0530,357
2019-04-07 08:35:00 +0530,360
2019-04-07 08:40:00 +0530,360
2019-04-07 08:45:00 +0530,367
2019-04-07 08:50:00 +0530,367
2019-04-07 08:55:00 +0530,367
2019-04-07 09:00:00 +0530,419
2019-04-07 09:05:00 +0530,421
2019-04-07 09:10:00 +0530,421
2019-04-07 09:15:00 +0530,535
2019-04-07 09:20:00 +0530,547
2019-04-07 09:25:00 +0530,547
2019-04-07 09:30:00 +0530,585
2019-04-07 09:35:00 +0530,590
2019-04-07 09:40:00 +0530,590
2019-04-07 09:45:00 +0530,618
2019-04-07 09:50:00 +0530,621
2019-04-07 09:55:00 +0530,621
2019-04-07 10:00:00 +0530,587
2019-04-07 10:05:00 +0530,581
2019-04-07 10:10:00 +0530,581
2019-04-07 10:15:00 +0530,683
2019-04-07 10:20:00 +0530,694
2019-04-07 10:25:00 +0530,694
2019-04-07 10:30:00 +0530,723
2019-04-07 10:35:00 +0530,725
2019-04-07 10:40:00 +0530,725
2019-04-07 10:45:00 +0530,749
2019-04-07 10:50:00 +0530,752
2019-04-07 10:55:00 +0530,752
2019-04-07 11:00:00 +0530,773
2019-04-07 11:05:00 +0530,774
2019-04-07 11:10:00 +0530,774
2019-04-07 11:15:00 +0530,795
2019-04-07 11:20:00 +0530,802
2019-04-07 11:25:00 +0530,802
2019-04-07 11:30:00 +0530,808
2019-04-07 11:35:00 +0530,811
2019-04-07 11:40:00 +0530,811
2019-04-07 11:45:00 +0530,823
2019-04-07 11:50:00 +0530,827
2019-04-07 11:55:00 +0530,827
2019-04-07 12:00:00 +0530,843
2019-04-07 12:05:00 +0530,845
2019-04-07 12:10:00 +0530,845
2019-04-07 12:15:00 +0530,836
2019-04-07 12:20:00 +0530,838
2019-04-07 12:25:00 +0530,838
2019-04-07 12:30:00 +0530,842
2019-04-07 12:35:00 +0530,841
2019-04-07 12:40:00 +0530,841
2019-04-07 12:45:00 +0530,833
2019-04-07 12:50:00 +0530,835
2019-04-07 12:55:00 +0530,835
2019-04-07 13:00:00 +0530,828
2019-04-07 13:05:00 +0530,827
2019-04-07 13:10:00 +0530,827
2019-04-07 13:15:00 +0530,822
2019-04-07 13:20:00 +0530,821
2019-04-07 13:25:00 +0530,821
2019-04-07 13:30:00 +0530,802
2019-04-07 13:35:00 +0530,799
2019-04-07 13:40:00 +0530,799
2019-04-07 13:45:00 +0530,814
2019-04-07 13:50:00 +0530,822
2019-04-07 13:55:00 +0530,822
2019-04-07 14:00:00 +0530,719
2019-04-07 14:05:00 +0530,696
2019-04-07 14:10:00 +0530,696
2019-04-07 14:15:00 +0530,738
2019-04-07 14:20:00 +0530,755
2019-04-07 14:25:00 +0530,755
2019-04-07 14:30:00 +0530,654
2019-04-07 14:35:00 +0530,628
2019-04-07 14:40:00 +0530,628
2019-04-07 14:45:00 +0530,621
2019-04-07 14:50:00 +0530,623
2019-04-07 14:55:00 +0530,623
2019-04-07 15:00:00 +0530,630
2019-04-07 15:05:00 +0530,632
2019-04-07 15:10:00 +0530,632
2019-04-07 15:15:00 +0530,607
2019-04-07 15:20:00 +0530,600
2019-04-07 15:25:00 +0530,600
2019-04-07 15:30:00 +0530,532
2019-04-07 15:35:00 +0530,512
2019-04-07 15:40:00 +0530,512
2019-04-07 15:45:00 +0530,488
2019-04-07 15:50:00 +0530,479
2019-04-07 15:55:00 +0530,479
2019-04-07 16:00:00 +0530,277
2019-04-07 16:05:00 +0530,214
2019-04-07 16:10:00 +0530,214
2019-04-07 16:15:00 +0530,203
2019-04-07 16:20:00 +0530,199
2019-04-07 16:25:00 +0530,199
2019-04-07 16:30:00 +0530,279
2019-04-07 16:35:00 +0530,302
2019-04-07 16:40:00 +0530,302
2019-04-07 16:45:00 +0530,227
2019-04-07 16:50:00 +0530,201
2019-04-07 16:55:00 +0530,201
2019-04-07 17:00:00 +0530,169
2019-04-07 17:05:00 +0530,157
2019-04-07 17:10:00 +0530,157
2019-04-07 17:15:00 +0530,135
2019-04-07 17:20:00 +0530,127
2019-04-07 17:25:00 +0530,127
2019-04-07 17:30:00 +0530,75
2019-04-07 17:35:00 +0530,57
2019-04-07 17:40:00 +0530,57
2019-04-07 17:45:00 +0530,33
2019-04-07 17:50:00 +0530,24
2019-04-07 17:55:00 +0530,24
2019-04-07 18:00:00 +0530,19
2019-04-07 18:05:00 +0530,18
2019-04-07 18:10:00 +0530,18
2019-04-07 18:15:00 +0530,5
2019-04-07 18:20:00 +0530,0
2019-04-07 18:25:00 +0530,0
2019-04-07 18:30:00 +0530,0
2019-04-07 18:35:00 +0530,0
2019-04-07 18:40:00 +0530,0
2019-04-07 18:45:00 +0530,0
2019-04-07 18:50:00 +0530,0
2019-04-07 18:55:00 +0530,0
2019-04-07 19:00:00 +0530,0
2019-04-07 19:05:00 +0530,0
2019-04-07 19:10:00 +0530,0
2019-04-07 19:15:00 +0530,0
2019-04-07 19:20:00 +0530,0
2019-04-07 19:25:00 +0530,0
2019-04-07 19:30:00 +0530,0
2019-04-07 19:35:00 +0530,0
2019-04-07 19:40:00 +0530,0
2019-04-07 19:45:00 +0530,0
2019-04-07 19:50:00 +0530,0
2019-04-07 19:55:00 +0530,0
2019-04-07 20:00:00 +0530,0
2019-04-07 20:05:00 +0530,0
2019-04-07 20:10:00 +0530,0
2019-04-07 20:15:00 +0530,0
2019-04-07 20:20:00 +0530,0
2019-04-07 20:25:00 +0530,0
2019-04-07 20:30:00 +0530,0
2019-04-07 20:35:00 +0530,0
2019-04-07 20:40:00 +0530,0
2019-04-07 20:45:00 +0530,0
2019-04-07 20:50:00 +0530,0
2019-04-07 20:55:00 +0530,0
2019-04-07 21:00:00 +0530,0
2019-04-07 21:05:00 +0530,0
2019-04-07 21:10:00 +0530,0
2019-04-07 21:15:00 +0530,0
2019-04-07 21:20:00 +0530,0
2019-04-07 21:25:00 +0530,0
2019-04-07 21:30:00 +0530,0
2019-04-07 21:35:00 +0530,0
2019-04-07 21:40:00 +0530,0
2019-04-07 21:45:00 +0530,0
2019-04-07 21:50:00 +0530,0
2019-04-07 21:55:00 +0530,0
2019-04-07 22:00:00 +0530,0
2019-04-07 22:05:00 +0530,0
2019-04-07 22:10:00 +0530,0
2019-04-07 22:15:00 +0530,0
2019-04-07 22:20:00 +0530,0
2019-04-07 22:25:00 +0530,0
2019-04-07 22:30:00 +0530,0
2019-04-07 22:35:00 +0530,0
2019-04-07 22:40:00 +0530,0
2019-04-07 22:45:00 +0530,0
2019-04-07 22:50:00 +0530,0
2019-04-07 22:55:00 +0530,0
2019-04-07 23:00:00 +0530,0
2019-04-07 23:05:00 +0530,0
2019-04-07 23:10:00 +0530,0
2019-04-07 23:15:00 +0530,0
2019-04-07 23:20:00 +0530,0
2019-04-07 23:25:00 +0530,0
2019-04-07 23:30:00 +0530,0
2019-04-07 23:35:00 +0530,0
2019-04-07 23:40:00 +0530,0
2019-04-07 23:45:00 +0530,0
2019-04-07 23:50:00 +0530,0
2019-04-07 23:55:00 +0530,0
2019-04-08 00:00:00 +0530,0
2019-04-08 00:05:00 +0530,0
2019-04-08 00:10:00 +0530,0
2019-04-08 00:15:00 +0530,0
2019-04-08 00:20:00 +0530,0
2019-04-08 00:25:00 +0530,0
2019-04-08 00:30:00 +0530,0
2019-04-08 00:35:00 +0530,0
2019-04-08 00:40:00 +0530,0
2019-04-08 00:45:00 +0530,0
2019-04-08 00:50:00 +0530,0
2019-04-08 00:55:00 +0530,0
2019-04-08 01:00:00 +0530,0
2019-04-08 01:05:00 +0530,0
2019-04-08 01:10:00 +0530,0
2019-04-08 01:15:00 +0530,0
2019-04-08 01:20:00 +0530,0
2019-04-08 01:25:00 +0530,0
2019-04-08 01:30:00 +0530,0
2019-04-08 01:35:00 +0530,0
2019-04-08 01:40:00 +0530,0
2019-04-08 01:45:00 +0530,0
2019-04-08 01:50:00 +0530,0
2019-04-08 01:55:00 +0530,0
2019-04-08 02:00:00 +0530,0
2019-04-08 02:05:00 +0530,0
2019-04-08 02:10:00 +0530,0
2019-04-08 02:15:00 +0530,0
2019-04-08 02:20:00 +0530,0
2019-04-08 02:25:00 +0530,0
2019-04-08 02:30:00 +0530,0
2019-04-08 02:35:00 +0530,0
2019-04-08 02:40:00 +0530,0
2019-04-08 02:45:00 +0530,0
2019-04-08 02:50:00 +0530,0
2019-04-08 02:55:00 +0530,0
2019-04-08 03:00:00 +0530,0
2019-04-08 03:05:00 +0530,0
2019-04-08 03:10:00 +0530,0
2019-04-08 03:15:00 +0530,0
2019-04-08 03:20:00 +0530,0
2019-04-08 03:25:00 +0530,0
2019-04-08 03:30:00 +0530,0
2019-04-08 03:35:00 +0530,0
2019-04-08 03:40:00 +0530,0
2019-04-08 03:45:00 +0530,0
2019-04-08 03:50:00 +0530,0
2019-04-08 03:55:00 +0530,0
2019-04-08 04:00:00 +0530,0
2019-04-08 04:05:00 +0530,0
2019-04-08 04:10:00 +0530,0
2019-04-08 04:15:00 +0530,0
2019-04-08 04:20:00 +0530,0
2019-04-08 04:25:00 +0530,0
2019-04-08 04:30:00 +0530,0
2019-04-08 04:35:00 +0530,0
2019-04-08 04:40:00 +0530,0
2019-04-08 04:45:00 +0530,0
2019-04-08 04:50:00 +0530,0
2019-04-08 04:55:00 +0530,0
2019-04-08 05:00:00 +0530,0
2019-04-08 05:05:00 +0530,0
2019-04-08 05:10:00 +0530,0
2019-04-08 05:15:00 +0530,0
2019-04-08 05:20:00 +0530,0
2019-04-08 05:25:00 +0530,0
2019-04-08 05:30:00 +0530,0
2019-04-08 05:35:00 +0530,0
2019-04-08 05:40:00 +0530,0
2019-04-08 05:45:00 +0530,0
2019-04-08 05:50:00 +0530,0
2019-04-08 05:55:00 +0530,0
2019-04-08 06:00:00 +0530,0
2019-04-08 06:05:00 +0530,0
2019-04-08 06:10:00 +0530,0
2019-04-08 06:15:00 +0530,0
2019-04-08 06:20:00 +0530,2
2019-04-08 06:25:00 +0530,3
2019-04-08 06:30:00 +0530,12
2019-04-08 06:35:00 +0530,23
2019-04-08 06:40:00 +0530,23
2019-04-08 06:45:00 +0530,29
2019-04-08 06:50:00 +0530,35
2019-04-08 06:55:00 +0530,35
2019-04-08 07:00:00 +0530,51
2019-04-08 07:05:00 +0530,69
2019-04-08 07:10:00 +0530,69
2019-04-08 07:15:00 +0530,83
2019-04-08 07:20:00 +0530,99
2019-04-08 07:25:00 +0530,99
2019-04-08 07:30:00 +0530,123
2019-04-08 07:35:00 +0530,153
2019-04-08 07:40:00 +0530,153
2019-04-08 07:45:00 +0530,179
2019-04-08 07:50:00 +0530,212
2019-04-08 07:55:00 +0530,212
2019-04-08 08:00:00 +0530,238
2019-04-08 08:05:00 +0530,268
2019-04-08 08:10:00 +0530,268
2019-04-08 08:15:00 +0530,295
2019-04-08 08:20:00 +0530,331
2019-04-08 08:25:00 +0530,331
2019-04-08 08:30:00 +0530,355
2019-04-08 08:35:00 +0530,391
2019-04-08 08:40:00 +0530,391
2019-04-08 08:45:00 +0530,416
2019-04-08 08:50:00 +0530,450
2019-04-08 08:55:00 +0530,450
2019-04-08 09:00:00 +0530,472
2019-04-08 09:05:00 +0530,506
2019-04-08 09:10:00 +0530,506
2019-04-08 09:15:00 +0530,528
2019-04-08 09:20:00 +0530,560
2019-04-08 09:25:00 +0530,560
2019-04-08 09:30:00 +0530,570
2019-04-08 09:35:00 +0530,583
2019-04-08 09:40:00 +0530,583
2019-04-08 09:45:00 +0530,606
2019-04-08 09:50:00 +0530,644
2019-04-08 09:55:00 +0530,644
2019-04-08 10:00:00 +0530,663
2019-04-08 10:05:00 +0530,692
2019-04-08 10:10:00 +0530,692
2019-04-08 10:15:00 +0530,704
2019-04-08 10:20:00 +0530,727
2019-04-08 10:25:00 +0530,727
2019-04-08 10:30:00 +0530,740
2019-04-08 10:35:00 +0530,759
2019-04-08 10:40:00 +0530,759
2019-04-08 10:45:00 +0530,769
2019-04-08 10:50:00 +0530,785
2019-04-08 10:55:00 +0530,785
2019-04-08 11:00:00 +0530,793
2019-04-08 11:05:00 +0530,806
2019-04-08 11:10:00 +0530,806
2019-04-08 11:15:00 +0530,808
2019-04-08 11:20:00 +0530,813
2019-04-08 11:25:00 +0530,813
2019-04-08 11:30:00 +0530,816
2019-04-08 11:35:00 +0530,826
2019-04-08 11:40:00 +0530,826
2019-04-08 11:45:00 +0530,833
2019-04-08 11:50:00 +0530,848
2019-04-08 11:55:00 +0530,848
2019-04-08 12:00:00 +0530,844
2019-04-08 12:05:00 +0530,834
2019-04-08 12:10:00 +0530,834
2019-04-08 12:15:00 +0530,840
2019-04-08 12:20:00 +0530,838
2019-04-08 12:25:00 +0530,838
2019-04-08 12:30:00 +0530,844
2019-04-08 12:35:00 +0530,840
2019-04-08 12:40:00 +0530,840
2019-04-08 12:45:00 +0530,844
2019-04-08 12:50:00 +0530,837
2019-04-08 12:55:00 +0530,837
2019-04-08 13:00:00 +0530,843
2019-04-08 13:05:00 +0530,839
2019-04-08 13:10:00 +0530,839
2019-04-08 13:15:00 +0530,825
2019-04-08 13:20:00 +0530,794
2019-04-08 13:25:00 +0530,794
2019-04-08 13:30:00 +0530,792
2019-04-08 13:35:00 +0530,785
2019-04-08 13:40:00 +0530,785
2019-04-08 13:45:00 +0530,707
2019-04-08 13:50:00 +0530,538
2019-04-08 13:55:00 +0530,538
2019-04-08 14:00:00 +0530,597
2019-04-08 14:05:00 +0530,736
2019-04-08 14:10:00 +0530,736
2019-04-08 14:15:00 +0530,704
2019-04-08 14:20:00 +0530,629
2019-04-08 14:25:00 +0530,629
2019-04-08 14:30:00 +0530,603
2019-04-08 14:35:00 +0530,549
2019-04-08 14:40:00 +0530,549
2019-04-08 14:45:00 +0530,579
2019-04-08 14:50:00 +0530,651
2019-04-08 14:55:00 +0530,651
2019-04-08 15:00:00 +0530,640
2019-04-08 15:05:00 +0530,609
2019-04-08 15:10:00 +0530,609
2019-04-08 15:15:00 +0530,597
2019-04-08 15:20:00 +0530,567
2019-04-08 15:25:00 +0530,567
2019-04-08 15:30:00 +0530,549
2019-04-08 15:35:00 +0530,506
2019-04-08 15:40:00 +0530,506
2019-04-08 15:45:00 +0530,473
2019-04-08 15:50:00 +0530,385
2019-04-08 15:55:00 +0530,385
2019-04-08 16:00:00 +0530,351
2019-04-08 16:05:00 +0530,253
2019-04-08 16:10:00 +0530,253
2019-04-08 16:15:00 +0530,220
2019-04-08 16:20:00 +0530,131
2019-04-08 16:25:00 +0530,131
2019-04-08 16:30:00 +0530,116
2019-04-08 16:35:00 +0530,70
2019-04-08 16:40:00 +0530,70
2019-04-08 16:45:00 +0530,61
2019-04-08 16:50:00 +0530,33
2019-04-08 16:55:00 +0530,33
2019-04-08 17:00:00 +0530,29
2019-04-08 17:05:00 +0530,15
2019-04-08 17:10:00 +0530,15
2019-04-08 17:15:00 +0530,11
2019-04-08 17:20:00 +0530,0
2019-04-08 17:25:00 +0530,0
2019-04-08 17:30:00 +0530,0
2019-04-08 17:35:00 +0530,0
2019-04-08 17:40:00 +0530,0
2019-04-08 17:45:00 +0530,0
2019-04-08 17:50:00 +0530,0
2019-04-08 17:55:00 +0530,0
2019-04-08 18:00:00 +0530,0
2019-04-08 18:05:00 +0530,0
2019-04-08 18:10:00 +0530,0
2019-04-08 18:15:00 +0530,0
2019-04-08 18:20:00 +0530,0
2019-04-08 18:25:00 +0530,0
2019-04-08 18:30:00 +0530,0
2019-04-08 18:35:00 +0530,0
2019-04-08 18:40:00 +0530,0
2019-04-08 18:45:00 +0530,0
2019-04-08 18:50:00 +0530,0
2019-04-08 18:55:00 +0530,0
2019-04-08 19:00:00 +0530,0
2019-04-08 19:05:00 +0530,0
2019-04-08 19:10:00 +0530,0
2019-04-08 19:15:00 +0530,0
2019-04-08 19:20:00 +0530,0
2019-04-08 19:25:00 +0530,0
2019-04-08 19:30:00 +0530,0
2019-04-08 19:35:00 +0530,0
2019-04-08 19:40:00 +0530,0
2019-04-08 19:45:00 +0530,0
2019-04-08 19:50:00 +0530,0
2019-04-08 19:55:00 +0530,0
2019-04-08 20:00:00 +0530,0
2019-04-08 20:05:00 +0530,0
2019-04-08 20:10:00 +0530,0
2019-04-08 20:15:00 +0530,0
2019-04-08 20:20:00 +0530,0
2019-04-08 20:25:00 +0530,0
2019-04-08 20:30:00 +0530,0
2019-04-08 20:35:00 +0530,0
2019-04-08 20:40:00 +0530,0
2019-04-08 20:45:00 +0530,0
2019-04-08 20:50:00 +0530,0
2019-04-08 20:55:00 +0530,0
2019-04-08 21:00:00 +0530,0
2019-04-08 21:05:00 +0530,0
2019-04-08 21:10:00 +0530,0
2019-04-08 21:15:00 +0530,0
2019-04-08 21:20:00 +0530,0
2019-04-08 21:25:00 +0530,0
2019-04-08 21:30:00 +0530,0
2019-04-08 21:35:00 +0530,0
2019-04-08 21:40:00 +0530,0
2019-04-08 21:45:00 +0530,0
2019-04-08 21:50:00 +0530,0
2019-04-08 21:55:00 +0530,0
2019-04-08 22:00:00 +0530,0
2019-04-08 22:05:00 +0530,0
2019-04-08 22:10:00 +0530,0
2019-04-08 22:15:00 +0530,0
2019-04-08 22:20:00 +0530,0
2019-04-08 22:25:00 +0530,0
2019-04-08 22:30:00 +0530,0
2019-04-08 22:35:00 +0530,0
2019-04-08 22:40:00 +0530,0
2019-04-08 22:45:00 +0530,0
2019-04-08 22:50:00 +0530,0
2019-04-08 22:55:00 +0530,0
2019-04-08 23:00:00 +0530,0
2019-04-08 23:05:00 +0530,0
2019-04-08 23:10:00 +0530,0
2019-04-08 23:15:00 +0530,0
2019-04-08 23:20:00 +0530,0
2019-04-08 23:25:00 +0530,0
2019-04-08 23:30:00 +0530,0
2019-04-08 23:35:00 +0530,0
2019-04-08 23:40:00 +0530,0
2019-04-08 23:45:00 +0530,0
2019-04-08 23:50:00 +0530,0
2019-04-08 23:55:00 +0530,0
2019-04-09 00:00:00 +0530,0