Date/Time,Power Produced (W)
03/04/19 0:00,0.0
03/04/19 0:05,0.0
03/04/19 0:10,0.0
03/04/19 0:15,0.0
03/04/19 0:20,0.0
03/04/19 0:25,0.0
03/04/19 0:30,0.0
03/04/19 0:35,0.0
03/04/19 0:40,0.0
03/04/19 0:45,0.0
03/04/19 0:50,0.0
03/04/19 0:55,0.0
03/04/19 1:00,0.0
03/04/19 1:05,0.0
03/04/19 1:10,0.0
03/04/19 1:15,0.0
03/04/19 1:20,0.0
03/04/19 1:25,0.0
03/04/19 1:30,0.0
03/04/19 1:35,0.0
03/04/19 1:40,0.0
03/04/19 1:45,0.0
03/04/19 1:50,0.0
03/04/19 1:55,0.0
03/04/19 2:00,0.0
03/04/19 2:05,0.0
03/04/19 2:10,0.0
03/04/19 2:15,0.0
03/04/19 2:20,0.0
03/04/19 2:25,0.0
03/04/19 2:30,0.0
03/04/19 2:35,0.0
03/04/19 2:40,0.0
03/04/19 2:45,0.0
03/04/19 2:50,0.0
03/04/19 2:55,0.0
03/04/19 3:00,0.0
03/04/19 3:05,0.0
03/04/19 3:10,0.0
03/04/19 3:15,0.0
03/04/19 3:20,0.0
03/04/19 3:25,0.0
03/04/19 3:30,0.0
03/04/19 3:35,0.0
03/04/19 3:40,0.0
03/04/19 3:45,0.0
03/04/19 3:50,0.0
03/04/19 3:55,0.0
03/04/19 4:00,0.0
03/04/19 4:05,0.0
03/04/19 4:10,0.0
03/04/19 4:15,0.0
03/04/19 4:20,0.0
03/04/19 4:25,0.0
03/04/19 4:30,0.0
03/04/19 4:35,0.0
03/04/19 4:40,0.0
03/04/19 4:45,0.0
03/04/19 4:50,0.0
03/04/19 4:55,0.0
03/04/19 5:00,0.0
03/04/19 5:05,0.0
03/04/19 5:10,0.0
03/04/19 5:15,0.0
03/04/19 5:20,0.0
03/04/19 5:25,0.0
03/04/19 5:30,0.0
03/04/19 5:35,0.0
03/04/19 5:40,0.0
03/04/19 5:45,0.0
03/04/19 5:50,0.0
03/04/19 5:55,0.0
03/04/19 6:00,0.0
03/04/19 6:05,0.0
03/04/19 6:10,0.0
03/04/19 6:15,0.0
03/04/19 6:20,0.0
03/04/19 6:25,0.0
03/04/19 6:30,0.0
03/04/19 6:35,97.0
03/04/19 6:40,30.0
03/04/19 6:45,30.0
03/04/19 6:50,34.0
03/04/19 6:55,36.0
03/04/19 7:00,36.0
03/04/19 7:05,62.0
03/04/19 7:10,77.0
03/04/19 7:15,77.0
03/04/19 7:20,104.0
03/04/19 7:25,119.0
03/04/19 7:30,119.0
03/04/19 7:35,152.0
03/04/19 7:40,171.0
03/04/19 7:45,171.0
03/04/19 7:50,208.0
03/04/19 7:55,230.0
03/04/19 8:00,230.0
03/04/19 8:05,270.0
03/04/19 8:10,294.0
03/04/19 8:15,294.0
03/04/19 8:20,319.0
03/04/19 8:25,336.0
03/04/19 8:30,367.0
03/04/19 8:35,375.6
03/04/19 8:40,384.20000000000005
03/04/19 8:45,392.79999999999995
03/04/19 8:50,401.4
03/04/19 8:55,410.0
03/04/19 9:00,418.6
03/04/19 9:05,427.2
03/04/19 9:10,435.8
03/04/19 9:15,444.4
03/04/19 9:20,453.0
03/04/19 9:25,572.0
03/04/19 9:30,577.0
03/04/19 9:35,606.0
03/04/19 9:40,624.0
03/04/19 9:45,631.0
03/04/19 9:50,646.0
03/04/19 9:55,663.0
03/04/19 10:00,667.0
03/04/19 10:05,681.0
03/04/19 10:10,697.0
03/04/19 10:15,701.0
03/04/19 10:20,710.0
03/04/19 10:25,730.0
03/04/19 10:30,734.0
03/04/19 10:35,747.0
03/04/19 10:40,768.0
03/04/19 10:45,772.0
03/04/19 10:50,784.0
03/04/19 10:55,790.0
03/04/19 11:00,790.0
03/04/19 11:05,782.0
03/04/19 11:10,790.0
03/04/19 11:15,792.0
03/04/19 11:20,807.0
03/04/19 11:25,821.0
03/04/19 11:30,823.0
03/04/19 11:35,828.0
03/04/19 11:40,826.0
03/04/19 11:45,827.0
03/04/19 11:50,823.0
03/04/19 11:55,826.0
03/04/19 12:00,825.0
03/04/19 12:05,838.0
03/04/19 12:10,852.0
03/04/19 12:15,858.0
03/04/19 12:20,854.0
03/04/19 12:25,857.0
03/04/19 12:30,858.0
03/04/19 12:35,857.0
03/04/19 12:40,852.0
03/04/19 12:45,854.0
03/04/19 12:50,874.0
03/04/19 12:55,886.0
03/04/19 13:00,886.0
03/04/19 13:05,859.0
03/04/19 13:10,841.0
03/04/19 13:15,840.0
03/04/19 13:20,873.0
03/04/19 13:25,851.0
03/04/19 13:30,840.0
03/04/19 13:35,814.0
03/04/19 13:40,830.0
03/04/19 13:45,840.0
03/04/19 13:50,836.0
03/04/19 13:55,809.0
03/04/19 14:00,803.0
03/04/19 14:05,723.0
03/04/19 14:10,710.0
03/04/19 14:15,721.0
03/04/19 14:20,734.0
03/04/19 14:25,706.0
03/04/19 14:30,698.0
03/04/19 14:35,761.0
03/04/19 14:40,553.0
03/04/19 14:45,463.0
03/04/19 14:50,680.0
03/04/19 14:55,729.0
03/04/19 15:00,724.0
03/04/19 15:05,594.0
03/04/19 15:10,617.0
03/04/19 15:15,654.0
03/04/19 15:20,622.0
03/04/19 15:25,571.0
03/04/19 15:30,553.0
03/04/19 15:35,523.0
03/04/19 15:40,467.0
03/04/19 15:45,448.0
03/04/19 15:50,301.0
03/04/19 15:55,392.0
03/04/19 16:00,463.0
03/04/19 16:05,390.0
03/04/19 16:10,338.0
03/04/19 16:15,330.0
03/04/19 16:20,367.0
03/04/19 16:25,371.0
03/04/19 16:30,364.0
03/04/19 16:35,359.0
03/04/19 16:40,333.0
03/04/19 16:45,322.0
03/04/19 16:50,246.0
03/04/19 16:55,226.0
03/04/19 17:00,226.0
03/04/19 17:05,204.0
03/04/19 17:10,196.0
03/04/19 17:15,196.0
03/04/19 17:20,148.0
03/04/19 17:25,131.0
03/04/19 17:30,131.0
03/04/19 17:35,87.0
03/04/19 17:40,71.0
03/04/19 17:45,71.0
03/04/19 17:50,48.0
03/04/19 17:55,39.0
03/04/19 18:00,39.0
03/04/19 18:05,24.0
03/04/19 18:10,19.0
03/04/19 18:15,19.0
03/04/19 18:20,5.0
03/04/19 18:25,0.0
03/04/19 18:30,0.0
03/04/19 18:35,0.0
03/04/19 18:40,0.0
03/04/19 18:45,0.0
03/04/19 18:50,0.0
03/04/19 18:55,0.0
03/04/19 19:00,0.0
03/04/19 19:05,0.0
03/04/19 19:10,0.0
03/04/19 19:15,0.0
03/04/19 19:20,0.0
03/04/19 19:25,0.0
03/04/19 19:30,0.0
03/04/19 19:35,0.0
03/04/19 19:40,0.0
03/04/19 19:45,0.0
03/04/19 19:50,0.0
03/04/19 19:55,0.0
03/04/19 20:00,0.0
03/04/19 20:05,0.0
03/04/19 20:10,0.0
03/04/19 20:15,0.0
03/04/19 20:20,0.0
03/04/19 20:25,0.0
03/04/19 20:30,0.0
03/04/19 20:35,0.0
03/04/19 20:40,0.0
03/04/19 20:45,0.0
03/04/19 20:50,0.0
03/04/19 20:55,0.0
03/04/19 21:00,0.0
03/04/19 21:05,0.0
03/04/19 21:10,0.0
03/04/19 21:15,0.0
03/04/19 21:20,0.0
03/04/19 21:25,0.0
03/04/19 21:30,0.0
03/04/19 21:35,0.0
03/04/19 21:40,0.0
03/04/19 21:45,0.0
03/04/19 21:50,0.0
03/04/19 21:55,0.0
03/04/19 22:00,0.0
03/04/19 22:05,0.0
03/04/19 22:10,0.0
03/04/19 22:15,0.0
03/04/19 22:20,0.0
03/04/19 22:25,0.0
03/04/19 22:30,0.0
03/04/19 22:35,0.0
03/04/19 22:40,0.0
03/04/19 22:45,0.0
03/04/19 22:50,0.0
03/04/19 22:55,0.0
03/04/19 23:00,0.0
03/04/19 23:05,0.0
03/04/19 23:10,0.0
03/04/19 23:15,0.0
03/04/19 23:20,0.0
03/04/19 23:25,0.0
03/04/19 23:30,0.0
03/04/19 23:35,0.0
03/04/19 23:40,0.0
03/04/19 23:45,0.0
03/04/19 23:50,0.0
03/04/19 23:55,0.0
04/04/19 0:00,0.0
04/04/19 0:05,0.0
04/04/19 0:10,0.0
04/04/19 0:15,0.0
04/04/19 0:20,0.0
04/04/19 0:25,0.0
04/04/19 0:30,0.0
04/04/19 0:35,0.0
04/04/19 0:40,0.0
04/04/19 0:45,0.0
04/04/19 0:50,0.0
04/04/19 0:55,0.0
04/04/19 1:00,0.0
04/04/19 1:05,0.0
04/04/19 1:10,0.0
04/04/19 1:15,0.0
04/04/19 1:20,0.0
04/04/19 1:25,0.0
04/04/19 1:30,0.0
04/04/19 1:35,0.0
04/04/19 1:40,0.0
04/04/19 1:45,0.0
04/04/19 1:50,0.0
04/04/19 1:55,0.0
04/04/19 2:00,0.0
04/04/19 2:05,0.0
04/04/19 2:10,0.0
04/04/19 2:15,0.0
04/04/19 2:20,0.0
04/04/19 2:25,0.0
04/04/19 2:30,0.0
04/04/19 2:35,0.0
04/04/19 2:40,0.0
04/04/19 2:45,0.0
04/04/19 2:50,0.0
04/04/19 2:55,0.0
04/04/19 3:00,0.0
04/04/19 3:05,0.0
04/04/19 3:10,0.0
04/04/19 3:15,0.0
04/04/19 3:20,0.0
04/04/19 3:25,0.0
04/04/19 3:30,0.0
04/04/19 3:35,0.0
04/04/19 3:40,0.0
04/04/19 3:45,0.0
04/04/19 3:50,0.0
04/04/19 3:55,0.0
04/04/19 4:00,0.0
04/04/19 4:05,0.0
04/04/19 4:10,0.0
04/04/19 4:15,0.0
04/04/19 4:20,0.0
04/04/19 4:25,0.0
04/04/19 4:30,0.0
04/04/19 4:35,0.0
04/04/19 4:40,0.0
04/04/19 4:45,0.0
04/04/19 4:50,0.0
04/04/19 4:55,0.0
04/04/19 5:00,0.0
04/04/19 5:05,0.0
04/04/19 5:10,0.0
04/04/19 5:15,0.0
04/04/19 5:20,0.0
04/04/19 5:25,0.0
04/04/19 5:30,0.0
04/04/19 5:35,0.0
04/04/19 5:40,0.0
04/04/19 5:45,0.0
04/04/19 5:50,0.0
04/04/19 5:55,0.0
04/04/19 6:00,0.0
04/04/19 6:05,0.0
04/04/19 6:10,0.0
04/04/19 6:15,0.0
04/04/19 6:20,3.0
04/04/19 6:25,8.0
04/04/19 6:30,8.0
04/04/19 6:35,14.0
04/04/19 6:40,22.0
04/04/19 6:45,22.0
04/04/19 6:50,34.0
04/04/19 6:55,50.0
04/04/19 7:00,50.0
04/04/19 7:05,66.0
04/04/19 7:10,85.0
04/04/19 7:15,85.0
04/04/19 7:20,105.0
04/04/19 7:25,129.0
04/04/19 7:30,129.0
04/04/19 7:35,156.0
04/04/19 7:40,190.0
04/04/19 7:45,190.0
04/04/19 7:50,215.0
04/04/19 7:55,246.0
04/04/19 8:00,246.0
04/04/19 8:05,274.0
04/04/19 8:10,313.0
04/04/19 8:15,313.0
04/04/19 8:20,341.0
04/04/19 8:25,382.0
04/04/19 8:30,382.0
04/04/19 8:35,402.0
04/04/19 8:40,434.0
04/04/19 8:45,434.0
04/04/19 8:50,457.0
04/04/19 8:55,489.0
04/04/19 9:00,489.0
04/04/19 9:05,512.0
04/04/19 9:10,553.0
04/04/19 9:15,553.0
04/04/19 9:20,574.0
04/04/19 9:25,606.0
04/04/19 9:30,606.0
04/04/19 9:35,626.0
04/04/19 9:40,657.0
04/04/19 9:45,657.0
04/04/19 9:50,678.0
04/04/19 9:55,700.0
04/04/19 10:00,700.0
04/04/19 10:05,716.0
04/04/19 10:10,741.0
04/04/19 10:15,741.0
04/04/19 10:20,759.0
04/04/19 10:25,787.0
04/04/19 10:30,787.0
04/04/19 10:35,802.0
04/04/19 10:40,825.0
04/04/19 10:45,825.0
04/04/19 10:50,834.0
04/04/19 10:55,846.0
04/04/19 11:00,846.0
04/04/19 11:05,852.0
04/04/19 11:10,868.0
04/04/19 11:15,868.0
04/04/19 11:20,869.0
04/04/19 11:25,876.0
04/04/19 11:30,876.0
04/04/19 11:35,879.0
04/04/19 11:40,887.0
04/04/19 11:45,887.0
04/04/19 11:50,890.0
04/04/19 11:55,891.0
04/04/19 12:00,891.0
04/04/19 12:05,893.0
04/04/19 12:10,902.0
04/04/19 12:15,902.0
04/04/19 12:20,903.0
04/04/19 12:25,901.0
04/04/19 12:30,901.0
04/04/19 12:35,903.0
04/04/19 12:40,907.0
04/04/19 12:45,907.0
04/04/19 12:50,911.0
04/04/19 12:55,912.0
04/04/19 13:00,912.0
04/04/19 13:05,910.0
04/04/19 13:10,907.0
04/04/19 13:15,907.0
04/04/19 13:20,903.0
04/04/19 13:25,889.0
04/04/19 13:30,889.0
04/04/19 13:35,877.0
04/04/19 13:40,854.0
04/04/19 13:45,854.0
04/04/19 13:50,853.0
04/04/19 13:55,845.0
04/04/19 14:00,845.0
04/04/19 14:05,836.0
04/04/19 14:10,818.0
04/04/19 14:15,818.0
04/04/19 14:20,807.0
04/04/19 14:25,782.0
04/04/19 14:30,782.0
04/04/19 14:35,776.0
04/04/19 14:40,763.0
04/04/19 14:45,763.0
04/04/19 14:50,747.0
04/04/19 14:55,711.0
04/04/19 15:00,711.0
04/04/19 15:05,695.0
04/04/19 15:10,663.0
04/04/19 15:15,663.0
04/04/19 15:20,652.0
04/04/19 15:25,626.0
04/04/19 15:30,626.0
04/04/19 15:35,612.0
04/04/19 15:40,573.0
04/04/19 15:45,573.0
04/04/19 15:50,554.0
04/04/19 15:55,502.0
04/04/19 16:00,502.0
04/04/19 16:05,484.0
04/04/19 16:10,441.0
04/04/19 16:15,441.0
04/04/19 16:20,428.0
04/04/19 16:25,400.0
04/04/19 16:30,400.0
04/04/19 16:35,383.0
04/04/19 16:40,332.0
04/04/19 16:45,332.0
04/04/19 16:50,312.0
04/04/19 16:55,249.0
04/04/19 17:00,249.0
04/04/19 17:05,232.0
04/04/19 17:10,175.0
04/04/19 17:15,175.0
04/04/19 17:20,161.0
04/04/19 17:25,116.0
04/04/19 17:30,116.0
04/04/19 17:35,99.0
04/04/19 17:40,42.0
04/04/19 17:45,42.0
04/04/19 17:50,37.0
04/04/19 17:55,22.0
04/04/19 18:00,22.0
04/04/19 18:05,21.0
04/04/19 18:10,18.0
04/04/19 18:15,18.0
04/04/19 18:20,14.0
04/04/19 18:25,0.0
04/04/19 18:30,0.0
04/04/19 18:35,0.0
04/04/19 18:40,0.0
04/04/19 18:45,0.0
04/04/19 18:50,0.0
04/04/19 18:55,0.0
04/04/19 19:00,0.0
04/04/19 19:05,0.0
04/04/19 19:10,0.0
04/04/19 19:15,0.0
04/04/19 19:20,0.0
04/04/19 19:25,0.0
04/04/19 19:30,0.0
04/04/19 19:35,0.0
04/04/19 19:40,0.0
04/04/19 19:45,0.0
04/04/19 19:50,0.0
04/04/19 19:55,0.0
04/04/19 20:00,0.0
04/04/19 20:05,0.0
04/04/19 20:10,0.0
04/04/19 20:15,0.0
04/04/19 20:20,0.0
04/04/19 20:25,0.0
04/04/19 20:30,0.0
04/04/19 20:35,0.0
04/04/19 20:40,0.0
04/04/19 20:45,0.0
04/04/19 20:50,0.0
04/04/19 20:55,0.0
04/04/19 21:00,0.0
04/04/19 21:05,0.0
04/04/19 21:10,0.0
04/04/19 21:15,0.0
04/04/19 21:20,0.0
04/04/19 21:25,0.0
04/04/19 21:30,0.0
04/04/19 21:35,0.0
04/04/19 21:40,0.0
04/04/19 21:45,0.0
04/04/19 21:50,0.0
04/04/19 21:55,0.0
04/04/19 22:00,0.0
04/04/19 22:05,0.0
04/04/19 22:10,0.0
04/04/19 22:15,0.0
04/04/19 22:20,0.0
04/04/19 22:25,0.0
04/04/19 22:30,0.0
04/04/19 22:35,0.0
04/04/19 22:40,0.0
04/04/19 22:45,0.0
04/04/19 22:50,0.0
04/04/19 22:55,0.0
04/04/19 23:00,0.0
04/04/19 23:05,0.0
04/04/19 23:10,0.0
04/04/19 23:15,0.0
04/04/19 23:20,0.0
04/04/19 23:25,0.0
04/04/19 23:30,0.0
04/04/19 23:35,0.0
04/04/19 23:40,0.0
04/04/19 23:45,0.0
04/04/19 23:50,0.0
04/04/19 23:55,0.0
05/04/19 0:00,0.0
05/04/19 0:05,0.0
05/04/19 0:10,0.0
05/04/19 0:15,0.0
05/04/19 0:20,0.0
05/04/19 0:25,0.0
05/04/19 0:30,0.0
05/04/19 0:35,0.0
05/04/19 0:40,0.0
05/04/19 0:45,0.0
05/04/19 0:50,0.0
05/04/19 0:55,0.0
05/04/19 1:00,0.0
05/04/19 1:05,0.0
05/04/19 1:10,0.0
05/04/19 1:15,0.0
05/04/19 1:20,0.0
05/04/19 1:25,0.0
05/04/19 1:30,0.0
05/04/19 1:35,0.0
05/04/19 1:40,0.0
05/04/19 1:45,0.0
05/04/19 1:50,0.0
05/04/19 1:55,0.0
05/04/19 2:00,0.0
05/04/19 2:05,0.0
05/04/19 2:10,0.0
05/04/19 2:15,0.0
05/04/19 2:20,0.0
05/04/19 2:25,0.0
05/04/19 2:30,0.0
05/04/19 2:35,0.0
05/04/19 2:40,0.0
05/04/19 2:45,0.0
05/04/19 2:50,0.0
05/04/19 2:55,0.0
05/04/19 3:00,0.0
05/04/19 3:05,0.0
05/04/19 3:10,0.0
05/04/19 3:15,0.0
05/04/19 3:20,0.0
05/04/19 3:25,0.0
05/04/19 3:30,0.0
05/04/19 3:35,0.0
05/04/19 3:40,0.0
05/04/19 3:45,0.0
05/04/19 3:50,0.0
05/04/19 3:55,0.0
05/04/19 4:00,0.0
05/04/19 4:05,0.0
05/04/19 4:10,0.0
05/04/19 4:15,0.0
05/04/19 4:20,0.0
05/04/19 4:25,0.0
05/04/19 4:30,0.0
05/04/19 4:35,0.0
05/04/19 4:40,0.0
05/04/19 4:45,0.0
05/04/19 4:50,0.0
05/04/19 4:55,0.0
05/04/19 5:00,0.0
05/04/19 5:05,0.0
05/04/19 5:10,0.0
05/04/19 5:15,0.0
05/04/19 5:20,0.0
05/04/19 5:25,0.0
05/04/19 5:30,0.0
05/04/19 5:35,0.0
05/04/19 5:40,0.0
05/04/19 5:45,0.0
05/04/19 5:50,0.0
05/04/19 5:55,0.0
05/04/19 6:00,0.0
05/04/19 6:05,0.0
05/04/19 6:10,0.0
05/04/19 6:15,0.0
05/04/19 6:20,0.0
05/04/19 6:25,13.0
05/04/19 6:30,13.0
05/04/19 6:35,13.0
05/04/19 6:40,23.0
05/04/19 6:45,24.0
05/04/19 6:50,24.0
05/04/19 6:55,52.0
05/04/19 7:00,53.0
05/04/19 7:05,53.0
05/04/19 7:10,86.0
05/04/19 7:15,87.0
05/04/19 7:20,87.0
05/04/19 7:25,129.0
05/04/19 7:30,131.0
05/04/19 7:35,131.0
05/04/19 7:40,163.0
05/04/19 7:45,165.0
05/04/19 7:50,165.0
05/04/19 7:55,203.0
05/04/19 8:00,204.0
05/04/19 8:05,204.0
05/04/19 8:10,290.0
05/04/19 8:15,297.0
05/04/19 8:20,297.0
05/04/19 8:25,357.0
05/04/19 8:30,361.0
05/04/19 8:35,361.0
05/04/19 8:40,413.0
05/04/19 8:45,418.0
05/04/19 8:50,418.0
05/04/19 8:55,454.0
05/04/19 9:00,458.0
05/04/19 9:05,458.0
05/04/19 9:10,519.0
05/04/19 9:15,525.0
05/04/19 9:20,525.0
05/04/19 9:25,583.0
05/04/19 9:30,589.0
05/04/19 9:35,589.0
05/04/19 9:40,634.0
05/04/19 9:45,638.0
05/04/19 9:50,638.0
05/04/19 9:55,680.0
05/04/19 10:00,682.0
05/04/19 10:05,682.0
05/04/19 10:10,712.0
05/04/19 10:15,714.0
05/04/19 10:20,714.0
05/04/19 10:25,747.0
05/04/19 10:30,748.0
05/04/19 10:35,748.0
05/04/19 10:40,772.0
05/04/19 10:45,773.0
05/04/19 10:50,773.0
05/04/19 10:55,794.0
05/04/19 11:00,793.0
05/04/19 11:05,793.0
05/04/19 11:10,803.0
05/04/19 11:15,803.0
05/04/19 11:20,803.0
05/04/19 11:25,823.0
05/04/19 11:30,827.0
05/04/19 11:35,827.0
05/04/19 11:40,835.0
05/04/19 11:45,836.0
05/04/19 11:50,836.0
05/04/19 11:55,847.0
05/04/19 12:00,848.0
05/04/19 12:05,848.0
05/04/19 12:10,848.0
05/04/19 12:15,848.0
05/04/19 12:20,848.0
05/04/19 12:25,863.0
05/04/19 12:30,860.0
05/04/19 12:35,860.0
05/04/19 12:40,879.0
05/04/19 12:45,880.0
05/04/19 12:50,880.0
05/04/19 12:55,850.0
05/04/19 13:00,838.0
05/04/19 13:05,838.0
05/04/19 13:10,838.0
05/04/19 13:15,840.0
05/04/19 13:20,840.0
05/04/19 13:25,826.0
05/04/19 13:30,820.0
05/04/19 13:35,820.0
05/04/19 13:40,777.0
05/04/19 13:45,768.0
05/04/19 13:50,768.0
05/04/19 13:55,805.0
05/04/19 14:00,811.0
05/04/19 14:05,811.0
05/04/19 14:10,405.0
05/04/19 14:15,303.0
05/04/19 14:20,303.0
05/04/19 14:25,631.0
05/04/19 14:30,718.0
05/04/19 14:35,718.0
05/04/19 14:40,707.0
05/04/19 14:45,709.0
05/04/19 14:50,709.0
05/04/19 14:55,650.0
05/04/19 15:00,634.0
05/04/19 15:05,634.0
05/04/19 15:10,509.0
05/04/19 15:15,476.0
05/04/19 15:20,476.0
05/04/19 15:25,595.0
05/04/19 15:30,631.0
05/04/19 15:35,631.0
05/04/19 15:40,548.0
05/04/19 15:45,522.0
05/04/19 15:50,522.0
05/04/19 15:55,421.0
05/04/19 16:00,389.0
05/04/19 16:05,389.0
05/04/19 16:10,439.0
05/04/19 16:15,452.0
05/04/19 16:20,452.0
05/04/19 16:25,316.0
05/04/19 16:30,270.0
05/04/19 16:35,270.0
05/04/19 16:40,193.0
05/04/19 16:45,167.0
05/04/19 16:50,167.0
05/04/19 16:55,200.0
05/04/19 17:00,210.0
05/04/19 17:05,210.0
05/04/19 17:10,170.0
05/04/19 17:15,155.0
05/04/19 17:20,155.0
05/04/19 17:25,110.0
05/04/19 17:30,93.0
05/04/19 17:35,93.0
05/04/19 17:40,61.0
05/04/19 17:45,49.0
05/04/19 17:50,49.0
05/04/19 17:55,37.0
05/04/19 18:00,32.0
05/04/19 18:05,32.0
05/04/19 18:10,18.0
05/04/19 18:15,12.0
05/04/19 18:20,12.0
05/04/19 18:25,3.0
05/04/19 18:30,0.0
05/04/19 18:35,0.0
05/04/19 18:40,0.0
05/04/19 18:45,0.0
05/04/19 18:50,0.0
05/04/19 18:55,0.0
05/04/19 19:00,0.0
05/04/19 19:05,0.0
05/04/19 19:10,0.0
05/04/19 19:15,0.0
05/04/19 19:20,0.0
05/04/19 19:25,0.0
05/04/19 19:30,0.0
05/04/19 19:35,0.0
05/04/19 19:40,0.0
05/04/19 19:45,0.0
05/04/19 19:50,0.0
05/04/19 19:55,0.0
05/04/19 20:00,0.0
05/04/19 20:05,0.0
05/04/19 20:10,0.0
05/04/19 20:15,0.0
05/04/19 20:20,0.0
05/04/19 20:25,0.0
05/04/19 20:30,0.0
05/04/19 20:35,0.0
05/04/19 20:40,0.0
05/04/19 20:45,0.0
05/04/19 20:50,0.0
05/04/19 20:55,0.0
05/04/19 21:00,0.0
05/04/19 21:05,0.0
05/04/19 21:10,0.0
05/04/19 21:15,0.0
05/04/19 21:20,0.0
05/04/19 21:25,0.0
05/04/19 21:30,0.0
05/04/19 21:35,0.0
05/04/19 21:40,0.0
05/04/19 21:45,0.0
05/04/19 21:50,0.0
05/04/19 21:55,0.0
05/04/19 22:00,0.0
05/04/19 22:05,0.0
05/04/19 22:10,0.0
05/04/19 22:15,0.0
05/04/19 22:20,0.0
05/04/19 22:25,0.0
05/04/19 22:30,0.0
05/04/19 22:35,0.0
05/04/19 22:40,0.0
05/04/19 22:45,0.0
05/04/19 22:50,0.0
05/04/19 22:55,0.0
05/04/19 23:00,0.0
05/04/19 23:05,0.0
05/04/19 23:10,0.0
05/04/19 23:15,0.0
05/04/19 23:20,0.0
05/04/19 23:25,0.0
05/04/19 23:30,0.0
05/04/19 23:35,0.0
05/04/19 23:40,0.0
05/04/19 23:45,0.0
05/04/19 23:50,0.0
05/04/19 23:55,0.0
06/04/19 0:00,0.0
06/04/19 0:05,0.0
06/04/19 0:10,0.0
06/04/19 0:15,0.0
06/04/19 0:20,0.0
06/04/19 0:25,0.0
06/04/19 0:30,0.0
06/04/19 0:35,0.0
06/04/19 0:40,0.0
06/04/19 0:45,0.0
06/04/19 0:50,0.0
06/04/19 0:55,0.0
06/04/19 1:00,0.0
06/04/19 1:05,0.0
06/04/19 1:10,0.0
06/04/19 1:15,0.0
06/04/19 1:20,0.0
06/04/19 1:25,0.0
06/04/19 1:30,0.0
06/04/19 1:35,0.0
06/04/19 1:40,0.0
06/04/19 1:45,0.0
06/04/19 1:50,0.0
06/04/19 1:55,0.0
06/04/19 2:00,0.0
06/04/19 2:05,0.0
06/04/19 2:10,0.0
06/04/19 2:15,0.0
06/04/19 2:20,0.0
06/04/19 2:25,0.0
06/04/19 2:30,0.0
06/04/19 2:35,0.0
06/04/19 2:40,0.0
06/04/19 2:45,0.0
06/04/19 2:50,0.0
06/04/19 2:55,0.0
06/04/19 3:00,0.0
06/04/19 3:05,0.0
06/04/19 3:10,0.0
06/04/19 3:15,0.0
06/04/19 3:20,0.0
06/04/19 3:25,0.0
06/04/19 3:30,0.0
06/04/19 3:35,0.0
06/04/19 3:40,0.0
06/04/19 3:45,0.0
06/04/19 3:50,0.0
06/04/19 3:55,0.0
06/04/19 4:00,0.0
06/04/19 4:05,0.0
06/04/19 4:10,0.0
06/04/19 4:15,0.0
06/04/19 4:20,0.0
06/04/19 4:25,0.0
06/04/19 4:30,0.0
06/04/19 4:35,0.0
06/04/19 4:40,0.0
06/04/19 4:45,0.0
06/04/19 4:50,0.0
06/04/19 4:55,0.0
06/04/19 5:00,0.0
06/04/19 5:05,0.0
06/04/19 5:10,0.0
06/04/19 5:15,0.0
06/04/19 5:20,0.0
06/04/19 5:25,0.0
06/04/19 5:30,0.0
06/04/19 5:35,0.0
06/04/19 5:40,0.0
06/04/19 5:45,0.0
06/04/19 5:50,0.0
06/04/19 5:55,0.0
06/04/19 6:00,0.0
06/04/19 6:05,0.0
06/04/19 6:10,0.0
06/04/19 6:15,0.0
06/04/19 6:20,1.0
06/04/19 6:25,9.0
06/04/19 6:30,20.0
06/04/19 6:35,20.0
06/04/19 6:40,22.0
06/04/19 6:45,25.0
06/04/19 6:50,25.0
06/04/19 6:55,40.0
06/04/19 7:00,59.0
06/04/19 7:05,59.0
06/04/19 7:10,75.0
06/04/19 7:15,94.0
06/04/19 7:20,94.0
06/04/19 7:25,114.0
06/04/19 7:30,139.0
06/04/19 7:35,139.0
06/04/19 7:40,165.0
06/04/19 7:45,199.0
06/04/19 7:50,199.0
06/04/19 7:55,228.0
06/04/19 8:00,263.0
06/04/19 8:05,263.0
06/04/19 8:10,288.0
06/04/19 8:15,322.0
06/04/19 8:20,322.0
06/04/19 8:25,347.0
06/04/19 8:30,381.0
06/04/19 8:35,381.0
06/04/19 8:40,404.0
06/04/19 8:45,431.0
06/04/19 8:50,431.0
06/04/19 8:55,461.0
06/04/19 9:00,500.0
06/04/19 9:05,500.0
06/04/19 9:10,521.0
06/04/19 9:15,551.0
06/04/19 9:20,551.0
06/04/19 9:25,570.0
06/04/19 9:30,596.0
06/04/19 9:35,596.0
06/04/19 9:40,610.0
06/04/19 9:45,632.0
06/04/19 9:50,632.0
06/04/19 9:55,648.0
06/04/19 10:00,670.0
06/04/19 10:05,670.0
06/04/19 10:10,689.0
06/04/19 10:15,718.0
06/04/19 10:20,718.0
06/04/19 10:25,733.0
06/04/19 10:30,756.0
06/04/19 10:35,756.0
06/04/19 10:40,757.0
06/04/19 10:45,759.0
06/04/19 10:50,759.0
06/04/19 10:55,763.0
06/04/19 11:00,769.0
06/04/19 11:05,769.0
06/04/19 11:10,784.0
06/04/19 11:15,808.0
06/04/19 11:20,808.0
06/04/19 11:25,815.0
06/04/19 11:30,826.0
06/04/19 11:35,826.0
06/04/19 11:40,827.0
06/04/19 11:45,820.0
06/04/19 11:50,820.0
06/04/19 11:55,827.0
06/04/19 12:00,829.0
06/04/19 12:05,829.0
06/04/19 12:10,828.0
06/04/19 12:15,827.0
06/04/19 12:20,827.0
06/04/19 12:25,823.0
06/04/19 12:30,808.0
06/04/19 12:35,808.0
06/04/19 12:40,804.0
06/04/19 12:45,790.0
06/04/19 12:50,790.0
06/04/19 12:55,800.0
06/04/19 13:00,805.0
06/04/19 13:05,805.0
06/04/19 13:10,797.0
06/04/19 13:15,775.0
06/04/19 13:20,775.0
06/04/19 13:25,768.0
06/04/19 13:30,754.0
06/04/19 13:35,754.0
06/04/19 13:40,761.0
06/04/19 13:45,773.0
06/04/19 13:50,773.0
06/04/19 13:55,780.0
06/04/19 14:00,793.0
06/04/19 14:05,793.0
06/04/19 14:10,780.0
06/04/19 14:15,753.0
06/04/19 14:20,753.0
06/04/19 14:25,746.0
06/04/19 14:30,724.0
06/04/19 14:35,724.0
06/04/19 14:40,715.0
06/04/19 14:45,688.0
06/04/19 14:50,688.0
06/04/19 14:55,674.0
06/04/19 15:00,634.0
06/04/19 15:05,634.0
06/04/19 15:10,595.0
06/04/19 15:15,486.0
06/04/19 15:20,486.0
06/04/19 15:25,486.0
06/04/19 15:30,484.0
06/04/19 15:35,484.0
06/04/19 15:40,490.0
06/04/19 15:45,501.0
06/04/19 15:50,501.0
06/04/19 15:55,489.0
06/04/19 16:00,449.0
06/04/19 16:05,449.0
06/04/19 16:10,436.0
06/04/19 16:15,399.0
06/04/19 16:20,399.0
06/04/19 16:25,384.0
06/04/19 16:30,341.0
06/04/19 16:35,341.0
06/04/19 16:40,326.0
06/04/19 16:45,277.0
06/04/19 16:50,277.0
06/04/19 16:55,259.0
06/04/19 17:00,203.0
06/04/19 17:05,203.0
06/04/19 17:10,189.0
06/04/19 17:15,142.0
06/04/19 17:20,142.0
06/04/19 17:25,128.0
06/04/19 17:30,84.0
06/04/19 17:35,84.0
06/04/19 17:40,76.0
06/04/19 17:45,49.0
06/04/19 17:50,49.0
06/04/19 17:55,45.0
06/04/19 18:00,30.0
06/04/19 18:05,30.0
06/04/19 18:10,25.0
06/04/19 18:15,11.0
06/04/19 18:20,11.0
06/04/19 18:25,8.0
06/04/19 18:30,0.0
06/04/19 18:35,0.0
06/04/19 18:40,0.0
06/04/19 18:45,0.0
06/04/19 18:50,0.0
06/04/19 18:55,0.0
06/04/19 19:00,0.0
06/04/19 19:05,0.0
06/04/19 19:10,0.0
06/04/19 19:15,0.0
06/04/19 19:20,0.0
06/04/19 19:25,0.0
06/04/19 19:30,0.0
06/04/19 19:35,0.0
06/04/19 19:40,0.0
06/04/19 19:45,0.0
06/04/19 19:50,0.0
06/04/19 19:55,0.0
06/04/19 20:00,0.0
06/04/19 20:05,0.0
06/04/19 20:10,0.0
06/04/19 20:15,0.0
06/04/19 20:20,0.0
06/04/19 20:25,0.0
06/04/19 20:30,0.0
06/04/19 20:35,0.0
06/04/19 20:40,0.0
06/04/19 20:45,0.0
06/04/19 20:50,0.0
06/04/19 20:55,0.0
06/04/19 21:00,0.0
06/04/19 21:05,0.0
06/04/19 21:10,0.0
06/04/19 21:15,0.0
06/04/19 21:20,0.0
06/04/19 21:25,0.0
06/04/19 21:30,0.0
06/04/19 21:35,0.0
06/04/19 21:40,0.0
06/04/19 21:45,0.0
06/04/19 21:50,0.0
06/04/19 21:55,0.0
06/04/19 22:00,0.0
06/04/19 22:05,0.0
06/04/19 22:10,0.0
06/04/19 22:15,0.0
06/04/19 22:20,0.0
06/04/19 22:25,0.0
06/04/19 22:30,0.0
06/04/19 22:35,0.0
06/04/19 22:40,0.0
06/04/19 22:45,0.0
06/04/19 22:50,0.0
06/04/19 22:55,0.0
06/04/19 23:00,0.0
06/04/19 23:05,0.0
06/04/19 23:10,0.0
06/04/19 23:15,0.0
06/04/19 23:20,0.0
06/04/19 23:25,0.0
06/04/19 23:30,0.0
06/04/19 23:35,0.0
06/04/19 23:40,0.0
06/04/19 23:45,0.0
06/04/19 23:50,0.0
06/04/19 23:55,0.0
07/04/19 0:00,0.0
07/04/19 0:05,0.0
07/04/19 0:10,0.0
07/04/19 0:15,0.0
07/04/19 0:20,0.0
07/04/19 0:25,0.0
07/04/19 0:30,0.0
07/04/19 0:35,0.0
07/04/19 0:40,0.0
07/04/19 0:45,0.0
07/04/19 0:50,0.0
07/04/19 0:55,0.0
07/04/19 1:00,0.0
07/04/19 1:05,0.0
07/04/19 1:10,0.0
07/04/19 1:15,0.0
07/04/19 1:20,0.0
07/04/19 1:25,0.0
07/04/19 1:30,0.0
07/04/19 1:35,0.0
07/04/19 1:40,0.0
07/04/19 1:45,0.0
07/04/19 1:50,0.0
07/04/19 1:55,0.0
07/04/19 2:00,0.0
07/04/19 2:05,0.0
07/04/19 2:10,0.0
07/04/19 2:15,0.0
07/04/19 2:20,0.0
07/04/19 2:25,0.0
07/04/19 2:30,0.0
07/04/19 2:35,0.0
07/04/19 2:40,0.0
07/04/19 2:45,0.0
07/04/19 2:50,0.0
07/04/19 2:55,0.0
07/04/19 3:00,0.0
07/04/19 3:05,0.0
07/04/19 3:10,0.0
07/04/19 3:15,0.0
07/04/19 3:20,0.0
07/04/19 3:25,0.0
07/04/19 3:30,0.0
07/04/19 3:35,0.0
07/04/19 3:40,0.0
07/04/19 3:45,0.0
07/04/19 3:50,0.0
07/04/19 3:55,0.0
07/04/19 4:00,0.0
07/04/19 4:05,0.0
07/04/19 4:10,0.0
07/04/19 4:15,0.0
07/04/19 4:20,0.0
07/04/19 4:25,0.0
07/04/19 4:30,0.0
07/04/19 4:35,0.0
07/04/19 4:40,0.0
07/04/19 4:45,0.0
07/04/19 4:50,0.0
07/04/19 4:55,0.0
07/04/19 5:00,0.0
07/04/19 5:05,0.0
07/04/19 5:10,0.0
07/04/19 5:15,0.0
07/04/19 5:20,0.0
07/04/19 5:25,0.0
07/04/19 5:30,0.0
07/04/19 5:35,0.0
07/04/19 5:40,0.0
07/04/19 5:45,0.0
07/04/19 5:50,0.0
07/04/19 5:55,0.0
07/04/19 6:00,0.0
07/04/19 6:05,0.0
07/04/19 6:10,0.0
07/04/19 6:15,0.0
07/04/19 6:20,1.0
07/04/19 6:25,1.0
07/04/19 6:30,23.0
07/04/19 6:35,25.0
07/04/19 6:40,25.0
07/04/19 6:45,25.0
07/04/19 6:50,25.0
07/04/19 6:55,25.0
07/04/19 7:00,59.0
07/04/19 7:05,61.0
07/04/19 7:10,61.0
07/04/19 7:15,95.0
07/04/19 7:20,97.0
07/04/19 7:25,97.0
07/04/19 7:30,141.0
07/04/19 7:35,143.0
07/04/19 7:40,143.0
07/04/19 7:45,194.0
07/04/19 7:50,197.0
07/04/19 7:55,197.0
07/04/19 8:00,252.0
07/04/19 8:05,255.0
07/04/19 8:10,255.0
07/04/19 8:15,310.0
07/04/19 8:20,313.0
07/04/19 8:25,313.0
07/04/19 8:30,357.0
07/04/19 8:35,360.0
07/04/19 8:40,360.0
07/04/19 8:45,367.0
07/04/19 8:50,367.0
07/04/19 8:55,367.0
07/04/19 9:00,419.0
07/04/19 9:05,421.0
07/04/19 9:10,421.0
07/04/19 9:15,535.0
07/04/19 9:20,547.0
07/04/19 9:25,547.0
07/04/19 9:30,585.0
07/04/19 9:35,590.0
07/04/19 9:40,590.0
07/04/19 9:45,618.0
07/04/19 9:50,621.0
07/04/19 9:55,621.0
07/04/19 10:00,587.0
07/04/19 10:05,581.0
07/04/19 10:10,581.0
07/04/19 10:15,683.0
07/04/19 10:20,694.0
07/04/19 10:25,694.0
07/04/19 10:30,723.0
07/04/19 10:35,725.0
07/04/19 10:40,725.0
07/04/19 10:45,749.0
07/04/19 10:50,752.0
07/04/19 10:55,752.0
07/04/19 11:00,773.0
07/04/19 11:05,774.0
07/04/19 11:10,774.0
07/04/19 11:15,795.0
07/04/19 11:20,802.0
07/04/19 11:25,802.0
07/04/19 11:30,808.0
07/04/19 11:35,811.0
07/04/19 11:40,811.0
07/04/19 11:45,823.0
07/04/19 11:50,827.0
07/04/19 11:55,827.0
07/04/19 12:00,843.0
07/04/19 12:05,845.0
07/04/19 12:10,845.0
07/04/19 12:15,836.0
07/04/19 12:20,838.0
07/04/19 12:25,838.0
07/04/19 12:30,842.0
07/04/19 12:35,841.0
07/04/19 12:40,841.0
07/04/19 12:45,833.0
07/04/19 12:50,835.0
07/04/19 12:55,835.0
07/04/19 13:00,828.0
07/04/19 13:05,827.0
07/04/19 13:10,827.0
07/04/19 13:15,822.0
07/04/19 13:20,821.0
07/04/19 13:25,821.0
07/04/19 13:30,802.0
07/04/19 13:35,799.0
07/04/19 13:40,799.0
07/04/19 13:45,814.0
07/04/19 13:50,822.0
07/04/19 13:55,822.0
07/04/19 14:00,719.0
07/04/19 14:05,696.0
07/04/19 14:10,696.0
07/04/19 14:15,738.0
07/04/19 14:20,755.0
07/04/19 14:25,755.0
07/04/19 14:30,654.0
07/04/19 14:35,628.0
07/04/19 14:40,628.0
07/04/19 14:45,621.0
07/04/19 14:50,623.0
07/04/19 14:55,623.0
07/04/19 15:00,630.0
07/04/19 15:05,632.0
07/04/19 15:10,632.0
07/04/19 15:15,607.0
07/04/19 15:20,600.0
07/04/19 15:25,600.0
07/04/19 15:30,532.0
07/04/19 15:35,512.0
07/04/19 15:40,512.0
07/04/19 15:45,488.0
07/04/19 15:50,479.0
07/04/19 15:55,479.0
07/04/19 16:00,277.0
07/04/19 16:05,214.0
07/04/19 16:10,214.0
07/04/19 16:15,203.0
07/04/19 16:20,199.0
07/04/19 16:25,199.0
07/04/19 16:30,279.0
07/04/19 16:35,302.0
07/04/19 16:40,302.0
07/04/19 16:45,227.0
07/04/19 16:50,201.0
07/04/19 16:55,201.0
07/04/19 17:00,169.0
07/04/19 17:05,157.0
07/04/19 17:10,157.0
07/04/19 17:15,135.0
07/04/19 17:20,127.0
07/04/19 17:25,127.0
07/04/19 17:30,75.0
07/04/19 17:35,57.0
07/04/19 17:40,57.0
07/04/19 17:45,33.0
07/04/19 17:50,24.0
07/04/19 17:55,24.0
07/04/19 18:00,19.0
07/04/19 18:05,18.0
07/04/19 18:10,18.0
07/04/19 18:15,5.0
07/04/19 18:20,0.0
07/04/19 18:25,0.0
07/04/19 18:30,0.0
07/04/19 18:35,0.0
07/04/19 18:40,0.0
07/04/19 18:45,0.0
07/04/19 18:50,0.0
07/04/19 18:55,0.0
07/04/19 19:00,0.0
07/04/19 19:05,0.0
07/04/19 19:10,0.0
07/04/19 19:15,0.0
07/04/19 19:20,0.0
07/04/19 19:25,0.0
07/04/19 19:30,0.0
07/04/19 19:35,0.0
07/04/19 19:40,0.0
07/04/19 19:45,0.0
07/04/19 19:50,0.0
07/04/19 19:55,0.0
07/04/19 20:00,0.0
07/04/19 20:05,0.0
07/04/19 20:10,0.0
07/04/19 20:15,0.0
07/04/19 20:20,0.0
07/04/19 20:25,0.0
07/04/19 20:30,0.0
07/04/19 20:35,0.0
07/04/19 20:40,0.0
07/04/19 20:45,0.0
07/04/19 20:50,0.0
07/04/19 20:55,0.0
07/04/19 21:00,0.0
07/04/19 21:05,0.0
07/04/19 21:10,0.0
07/04/19 21:15,0.0
07/04/19 21:20,0.0
07/04/19 21:25,0.0
07/04/19 21:30,0.0
07/04/19 21:35,0.0
07/04/19 21:40,0.0
07/04/19 21:45,0.0
07/04/19 21:50,0.0
07/04/19 21:55,0.0
07/04/19 22:00,0.0
07/04/19 22:05,0.0
07/04/19 22:10,0.0
07/04/19 22:15,0.0
07/04/19 22:20,0.0
07/04/19 22:25,0.0
07/04/19 22:30,0.0
07/04/19 22:35,0.0
07/04/19 22:40,0.0
07/04/19 22:45,0.0
07/04/19 22:50,0.0
07/04/19 22:55,0.0
07/04/19 23:00,0.0
07/04/19 23:05,0.0
07/04/19 23:10,0.0
07/04/19 23:15,0.0
07/04/19 23:20,0.0
07/04/19 23:25,0.0
07/04/19 23:30,0.0
07/04/19 23:35,0.0
07/04/19 23:40,0.0
07/04/19 23:45,0.0
07/04/19 23:50,0.0
07/04/19 23:55,0.0
08/04/19 0:00,0.0
08/04/19 0:05,0.0
08/04/19 0:10,0.0
08/04/19 0:15,0.0
08/04/19 0:20,0.0
08/04/19 0:25,0.0
08/04/19 0:30,0.0
08/04/19 0:35,0.0
08/04/19 0:40,0.0
08/04/19 0:45,0.0
08/04/19 0:50,0.0
08/04/19 0:55,0.0
08/04/19 1:00,0.0
08/04/19 1:05,0.0
08/04/19 1:10,0.0
08/04/19 1:15,0.0
08/04/19 1:20,0.0
08/04/19 1:25,0.0
08/04/19 1:30,0.0
08/04/19 1:35,0.0
08/04/19 1:40,0.0
08/04/19 1:45,0.0
08/04/19 1:50,0.0
08/04/19 1:55,0.0
08/04/19 2:00,0.0
08/04/19 2:05,0.0
08/04/19 2:10,0.0
08/04/19 2:15,0.0
08/04/19 2:20,0.0
08/04/19 2:25,0.0
08/04/19 2:30,0.0
08/04/19 2:35,0.0
08/04/19 2:40,0.0
08/04/19 2:45,0.0
08/04/19 2:50,0.0
08/04/19 2:55,0.0
08/04/19 3:00,0.0
08/04/19 3:05,0.0
08/04/19 3:10,0.0
08/04/19 3:15,0.0
08/04/19 3:20,0.0
08/04/19 3:25,0.0
08/04/19 3:30,0.0
08/04/19 3:35,0.0
08/04/19 3:40,0.0
08/04/19 3:45,0.0
08/04/19 3:50,0.0
08/04/19 3:55,0.0
08/04/19 4:00,0.0
08/04/19 4:05,0.0
08/04/19 4:10,0.0
08/04/19 4:15,0.0
08/04/19 4:20,0.0
08/04/19 4:25,0.0
08/04/19 4:30,0.0
08/04/19 4:35,0.0
08/04/19 4:40,0.0
08/04/19 4:45,0.0
08/04/19 4:50,0.0
08/04/19 4:55,0.0
08/04/19 5:00,0.0
08/04/19 5:05,0.0
08/04/19 5:10,0.0
08/04/19 5:15,0.0
08/04/19 5:20,0.0
08/04/19 5:25,0.0
08/04/19 5:30,0.0
08/04/19 5:35,0.0
08/04/19 5:40,0.0
08/04/19 5:45,0.0
08/04/19 5:50,0.0
08/04/19 5:55,0.0
08/04/19 6:00,0.0
08/04/19 6:05,0.0
08/04/19 6:10,0.0
08/04/19 6:15,0.0
08/04/19 6:20,2.0
08/04/19 6:25,3.0
08/04/19 6:30,12.0
08/04/19 6:35,23.0
08/04/19 6:40,23.0
08/04/19 6:45,29.0
08/04/19 6:50,35.0
08/04/19 6:55,35.0
08/04/19 7:00,51.0
08/04/19 7:05,69.0
08/04/19 7:10,69.0
08/04/19 7:15,83.0
08/04/19 7:20,99.0
08/04/19 7:25,99.0
08/04/19 7:30,123.0
08/04/19 7:35,153.0
08/04/19 7:40,153.0
08/04/19 7:45,179.0
08/04/19 7:50,212.0
08/04/19 7:55,212.0
08/04/19 8:00,238.0
08/04/19 8:05,268.0
08/04/19 8:10,268.0
08/04/19 8:15,295.0
08/04/19 8:20,331.0
08/04/19 8:25,331.0
08/04/19 8:30,355.0
08/04/19 8:35,391.0
08/04/19 8:40,391.0
08/04/19 8:45,416.0
08/04/19 8:50,450.0
08/04/19 8:55,450.0
08/04/19 9:00,472.0
08/04/19 9:05,506.0
08/04/19 9:10,506.0
08/04/19 9:15,528.0
08/04/19 9:20,560.0
08/04/19 9:25,560.0
08/04/19 9:30,570.0
08/04/19 9:35,583.0
08/04/19 9:40,583.0
08/04/19 9:45,606.0
08/04/19 9:50,644.0
08/04/19 9:55,644.0
08/04/19 10:00,663.0
08/04/19 10:05,692.0
08/04/19 10:10,692.0
08/04/19 10:15,704.0
08/04/19 10:20,727.0
08/04/19 10:25,727.0
08/04/19 10:30,740.0
08/04/19 10:35,759.0
08/04/19 10:40,759.0
08/04/19 10:45,769.0
08/04/19 10:50,785.0
08/04/19 10:55,785.0
08/04/19 11:00,793.0
08/04/19 11:05,806.0
08/04/19 11:10,806.0
08/04/19 11:15,808.0
08/04/19 11:20,813.0
08/04/19 11:25,813.0
08/04/19 11:30,816.0
08/04/19 11:35,826.0
08/04/19 11:40,826.0
08/04/19 11:45,833.0
08/04/19 11:50,848.0
08/04/19 11:55,848.0
08/04/19 12:00,844.0
08/04/19 12:05,834.0
08/04/19 12:10,834.0
08/04/19 12:15,840.0
08/04/19 12:20,838.0
08/04/19 12:25,838.0
08/04/19 12:30,844.0
08/04/19 12:35,840.0
08/04/19 12:40,840.0
08/04/19 12:45,844.0
08/04/19 12:50,837.0
08/04/19 12:55,837.0
08/04/19 13:00,843.0
08/04/19 13:05,839.0
08/04/19 13:10,839.0
08/04/19 13:15,825.0
08/04/19 13:20,794.0
08/04/19 13:25,794.0
08/04/19 13:30,792.0
08/04/19 13:35,785.0
08/04/19 13:40,785.0
08/04/19 13:45,707.0
08/04/19 13:50,538.0
08/04/19 13:55,538.0
08/04/19 14:00,597.0
08/04/19 14:05,736.0
08/04/19 14:10,736.0
08/04/19 14:15,704.0
08/04/19 14:20,629.0
08/04/19 14:25,629.0
08/04/19 14:30,603.0
08/04/19 14:35,549.0
08/04/19 14:40,549.0
08/04/19 14:45,579.0
08/04/19 14:50,651.0
08/04/19 14:55,651.0
08/04/19 15:00,640.0
08/04/19 15:05,609.0
08/04/19 15:10,609.0
08/04/19 15:15,597.0
08/04/19 15:20,567.0
08/04/19 15:25,567.0
08/04/19 15:30,549.0
08/04/19 15:35,506.0
08/04/19 15:40,506.0
08/04/19 15:45,473.0
08/04/19 15:50,385.0
08/04/19 15:55,385.0
08/04/19 16:00,351.0
08/04/19 16:05,253.0
08/04/19 16:10,253.0
08/04/19 16:15,220.0
08/04/19 16:20,131.0
08/04/19 16:25,131.0
08/04/19 16:30,116.0
08/04/19 16:35,70.0
08/04/19 16:40,70.0
08/04/19 16:45,61.0
08/04/19 16:50,33.0
08/04/19 16:55,33.0
08/04/19 17:00,29.0
08/04/19 17:05,15.0
08/04/19 17:10,15.0
08/04/19 17:15,11.0
08/04/19 17:20,0.0
08/04/19 17:25,0.0
08/04/19 17:30,0.0
08/04/19 17:35,0.0
08/04/19 17:40,0.0
08/04/19 17:45,0.0
08/04/19 17:50,0.0
08/04/19 17:55,0.0
08/04/19 18:00,0.0
08/04/19 18:05,0.0
08/04/19 18:10,0.0
08/04/19 18:15,0.0
08/04/19 18:20,0.0
08/04/19 18:25,0.0
08/04/19 18:30,0.0
08/04/19 18:35,0.0
08/04/19 18:40,0.0
08/04/19 18:45,0.0
08/04/19 18:50,0.0
08/04/19 18:55,0.0
08/04/19 19:00,0.0
08/04/19 19:05,0.0
08/04/19 19:10,0.0
08/04/19 19:15,0.0
08/04/19 19:20,0.0
08/04/19 19:25,0.0
08/04/19 19:30,0.0
08/04/19 19:35,0.0
08/04/19 19:40,0.0
08/04/19 19:45,0.0
08/04/19 19:50,0.0
08/04/19 19:55,0.0
08/04/19 20:00,0.0
08/04/19 20:05,0.0
08/04/19 20:10,0.0
08/04/19 20:15,0.0
08/04/19 20:20,0.0
08/04/19 20:25,0.0
08/04/19 20:30,0.0
08/04/19 20:35,0.0
08/04/19 20:40,0.0
08/04/19 20:45,0.0
08/04/19 20:50,0.0
08/04/19 20:55,0.0
08/04/19 21:00,0.0
08/04/19 21:05,0.0
08/04/19 21:10,0.0
08/04/19 21:15,0.0
08/04/19 21:20,0.0
08/04/19 21:25,0.0
08/04/19 21:30,0.0
08/04/19 21:35,0.0
08/04/19 21:40,0.0
08/04/19 21:45,0.0
08/04/19 21:50,0.0
08/04/19 21:55,0.0
08/04/19 22:00,0.0
08/04/19 22:05,0.0
08/04/19 22:10,0.0
08/04/19 22:15,0.0
08/04/19 22:20,0.0
08/04/19 22:25,0.0
08/04/19 22:30,0.0
08/04/19 22:35,0.0
08/04/19 22:40,0.0
08/04/19 22:45,0.0
08/04/19 22:50,0.0
08/04/19 22:55,0.0
08/04/19 23:00,0.0
08/04/19 23:05,0.0
08/04/19 23:10,0.0
08/04/19 23:15,0.0
08/04/19 23:20,0.0
08/04/19 23:25,0.0
08/04/19 23:30,0.0
08/04/19 23:35,0.0
08/04/19 23:40,0.0
08/04/19 23:45,0.0
08/04/19 23:50,0.0
08/04/19 23:55,0.0
09/04/19 0:00,0.0
