datetime,Power (Kw)
2016-03-18 16:30:00,115.0825926
2016-03-18 16:45:00,108.88623824999999
2016-03-18 17:00:00,102.6898839
2016-03-18 17:15:00,97.3304694
2016-03-18 17:30:00,91.9710549
2016-03-18 17:45:00,86.6116404
2016-03-18 18:00:00,81.25222590000001
2016-03-18 18:15:00,75.89281140000001
2016-03-18 18:30:00,70.53339690000001
2016-03-18 18:45:00,65.17398240000001
2016-03-18 19:00:00,65.46506645000001
2016-03-18 19:15:00,65.7561505
2016-03-18 19:30:00,66.04723455
2016-03-18 19:45:00,66.3383186
2016-03-18 20:00:00,62.517122799999996
2016-03-18 20:15:00,58.695927000000005
2016-03-18 20:30:00,47.215478
2016-03-18 20:45:00,53.66681320000001
2016-03-18 21:00:00,48.94773179999999
2016-03-18 21:15:00,45.6790992
2016-03-18 21:30:00,45.86218160000001
2016-03-18 21:45:00,46.04526400000001
2016-03-18 22:00:00,50.5206179
2016-03-18 22:15:00,47.7916522
2016-03-18 22:30:00,45.162823
2016-03-18 22:45:00,44.26475539999999
2016-03-18 23:00:00,43.847545600000004
2016-03-18 23:15:00,52.4610949
2016-03-18 23:30:00,45.59518559999999
2016-03-18 23:45:00,42.5294187
2016-03-19 00:00:00,44.59717790000001
2016-03-19 00:15:00,42.2526062
2016-03-19 00:30:00,51.74673179999999
2016-03-19 00:45:00,43.29336230000001
2016-03-19 01:00:00,44.07886620000001
2016-03-19 01:15:00,41.1793386
2016-03-19 01:30:00,44.345294
2016-03-19 01:45:00,53.327365500000006
2016-03-19 02:00:00,45.3874684
2016-03-19 02:15:00,43.3329175
2016-03-19 02:30:00,41.939313
2016-03-19 02:45:00,39.33416879999999
2016-03-19 03:00:00,53.14936949999999
2016-03-19 03:15:00,39.8874525
2016-03-19 03:30:00,42.98169779999999
2016-03-19 03:45:00,38.6219552
2016-03-19 04:00:00,42.780215999999996
2016-03-19 04:15:00,48.13167299999999
2016-03-19 04:30:00,43.10530680000001
2016-03-19 04:45:00,39.8089904
2016-03-19 05:00:00,41.43447820000001
2016-03-19 05:15:00,41.463025
2016-03-19 05:30:00,49.06799400000001
2016-03-19 05:45:00,40.4783327
2016-03-19 06:00:00,38.840774200000006
2016-03-19 06:15:00,41.960704400000004
2016-03-19 06:30:00,45.0806346
2016-03-19 06:45:00,45.0030555
2016-03-19 07:00:00,44.925476399999994
2016-03-19 07:15:00,37.7430494
2016-03-19 07:30:00,40.4082972
2016-03-19 07:45:00,44.740745399999994
2016-03-19 08:00:00,54.04859739999999
2016-03-19 08:15:00,61.0441752
2016-03-19 08:30:00,65.9913496
2016-03-19 08:45:00,69.7603842
2016-03-19 09:00:00,76.8164107
2016-03-19 09:15:00,83.08887182142858
2016-03-19 09:30:00,89.36133294285715
2016-03-19 09:45:00,95.63379406428572
2016-03-19 10:00:00,101.90625518571429
2016-03-19 10:15:00,108.17871630714286
2016-03-19 10:30:00,114.45117742857144
2016-03-19 10:45:00,120.72363855
2016-03-19 11:00:00,126.99609967142858
2016-03-19 11:15:00,133.26856079285716
2016-03-19 11:30:00,139.54102191428572
2016-03-19 11:45:00,145.81348303571428
2016-03-19 12:00:00,152.08594415714288
2016-03-19 12:15:00,158.35840527857144
2016-03-19 12:30:00,164.6308664
2016-03-19 12:45:00,165.70187620000002
2016-03-19 13:00:00,166.772886
2016-03-19 13:15:00,155.005047
2016-03-19 13:30:00,144.01411480000002
2016-03-19 13:45:00,124.7913562
2016-03-19 14:00:00,113.7091896
2016-03-19 14:15:00,99.3074311
2016-03-19 14:30:00,98.1548406
2016-03-19 14:45:00,83.5483432
2016-03-19 15:00:00,77.7822588
2016-03-19 15:15:00,73.31953100000001
2016-03-19 15:30:00,78.0290735
2016-03-19 15:45:00,80.7711759
2016-03-19 16:00:00,69.63314559999999
2016-03-19 16:15:00,57.48806510000001
2016-03-19 16:30:00,57.4970258
2016-03-19 16:45:00,51.4493769
2016-03-19 17:00:00,62.9582562
2016-03-19 17:15:00,48.05302280000001
2016-03-19 17:30:00,50.4291336
2016-03-19 17:45:00,49.718475899999994
2016-03-19 18:00:00,51.939634771428565
2016-03-19 18:15:00,54.160793642857136
2016-03-19 18:30:00,56.38195251428571
2016-03-19 18:45:00,58.603111385714286
2016-03-19 19:00:00,60.82427025714286
2016-03-19 19:15:00,63.04542912857143
2016-03-19 19:30:00,65.266588
2016-03-19 19:45:00,56.7550157
2016-03-19 20:00:00,49.1063506
2016-03-19 20:15:00,42.1377508
2016-03-19 20:30:00,40.0535024
2016-03-19 20:45:00,48.25835000000001
2016-03-19 21:00:00,39.4147426
2016-03-19 21:15:00,37.332499799999994
2016-03-19 21:30:00,36.36258830000001
2016-03-19 21:45:00,37.1572607
2016-03-19 22:00:00,47.8248862
2016-03-19 22:15:00,36.3852471
2016-03-19 22:30:00,35.4671226
2016-03-19 22:45:00,35.57259180000001
2016-03-19 23:00:00,36.9730985
2016-03-19 23:15:00,46.276845
2016-03-19 23:30:00,35.4429448
2016-03-19 23:45:00,37.718181
2016-03-20 00:00:00,36.1357842
2016-03-20 00:15:00,36.6043893
2016-03-20 00:30:00,44.4671487
2016-03-20 00:45:00,35.66491920000001
2016-03-20 01:00:00,36.9765265
2016-03-20 01:15:00,37.8228482
2016-03-20 01:30:00,36.6909402
2016-03-20 01:45:00,44.7790708
2016-03-20 02:00:00,35.803395200000004
2016-03-20 02:15:00,37.6877551
2016-03-20 02:30:00,35.093735800000005
2016-03-20 02:45:00,37.2970551
2016-03-20 03:00:00,45.5160706
2016-03-20 03:15:00,37.25087780000001
2016-03-20 03:30:00,37.064851000000004
2016-03-20 03:45:00,35.1220477
2016-03-20 04:00:00,38.28765309999999
2016-03-20 04:15:00,42.54066629999999
2016-03-20 04:30:00,37.4550442
2016-03-20 04:45:00,34.90860000000001
2016-03-20 05:00:00,36.001323000000006
2016-03-20 05:15:00,40.1746105
2016-03-20 05:30:00,41.233329649999995
2016-03-20 05:45:00,42.29204879999999
2016-03-20 06:00:00,34.67826120000001
2016-03-20 06:15:00,34.789004999999996
2016-03-20 06:30:00,37.880096200000004
2016-03-20 06:45:00,44.082651
2016-03-20 07:00:00,39.475342299999994
2016-03-20 07:15:00,34.7162242
2016-03-20 07:30:00,36.503691
2016-03-20 07:45:00,35.4154464
2016-03-20 08:00:00,42.9588989
2016-03-20 08:15:00,38.5756374
2016-03-20 08:30:00,36.0526258
2016-03-20 08:45:00,34.326616800000004
2016-03-20 09:00:00,35.86320330000001
2016-03-20 09:15:00,46.3811656
2016-03-20 09:30:00,38.886855499999996
2016-03-20 09:45:00,35.44251720000001
2016-03-20 10:00:00,36.630970500000004
2016-03-20 10:15:00,36.9076762
2016-03-20 10:30:00,46.5591148
2016-03-20 10:45:00,36.41401820000001
2016-03-20 11:00:00,36.1453726
2016-03-20 11:15:00,38.18372850000001
2016-03-20 11:30:00,37.735335
2016-03-20 11:45:00,49.472545200000006
2016-03-20 12:00:00,37.3837722
2016-03-20 12:15:00,37.902067200000005
2016-03-20 12:30:00,36.180948
2016-03-20 12:45:00,38.88875960000001
2016-03-20 13:00:00,50.2840216
2016-03-20 13:15:00,39.6386367
2016-03-20 13:30:00,37.5727887
2016-03-20 13:45:00,38.81312060000001
2016-03-20 14:00:00,38.5479552
2016-03-20 14:15:00,39.0135084
2016-03-20 14:30:00,47.8634722
2016-03-20 14:45:00,37.907026200000004
2016-03-20 15:00:00,38.3402141
2016-03-20 15:15:00,37.20888720000001
2016-03-20 15:30:00,39.917737200000005
2016-03-20 15:45:00,45.6915092
2016-03-20 16:00:00,40.10783190000001
2016-03-20 16:15:00,38.56520400000001
2016-03-20 16:30:00,38.090119900000005
2016-03-20 16:45:00,37.615035799999994
2016-03-20 17:00:00,41.8980417
2016-03-20 17:15:00,43.760785999999996
2016-03-20 17:30:00,37.765647
2016-03-20 17:45:00,38.5008564
2016-03-20 18:00:00,38.5795609
2016-03-20 18:15:00,44.5469985
2016-03-20 18:30:00,40.81562570000001
2016-03-20 18:45:00,40.301128999999996
2016-03-20 19:00:00,41.3864088
2016-03-20 19:15:00,38.5524124
2016-03-20 19:30:00,48.2964393
2016-03-20 19:45:00,42.7118036
2016-03-20 20:00:00,40.5282248
2016-03-20 20:15:00,41.0837397
2016-03-20 20:30:00,40.0866747
2016-03-20 20:45:00,49.81645380000001
2016-03-20 21:00:00,41.6696133
2016-03-20 21:15:00,37.98041920000001
2016-03-20 21:30:00,38.1640428
2016-03-20 21:45:00,40.5171912
2016-03-20 22:00:00,45.003343799999996
2016-03-20 22:15:00,35.90597
2016-03-20 22:30:00,36.0001125
2016-03-20 22:45:00,36.9134907
2016-03-20 23:00:00,38.538999
2016-03-20 23:15:00,47.1184508
2016-03-20 23:30:00,36.19399129999999
2016-03-20 23:45:00,36.9148833
2016-03-21 00:00:00,38.009857000000004
2016-03-21 00:15:00,39.24706860000001
2016-03-21 00:30:00,46.1521887
2016-03-21 00:45:00,38.2953465
2016-03-21 01:00:00,38.721502
2016-03-21 01:15:00,38.345524600000005
2016-03-21 01:30:00,36.69910220000001
2016-03-21 01:45:00,48.156053
2016-03-21 02:00:00,37.486546999999995
2016-03-21 02:15:00,37.87984039999999
2016-03-21 02:30:00,38.68835240000001
2016-03-21 02:45:00,39.634011799999996
2016-03-21 03:00:00,46.5711581
2016-03-21 03:15:00,37.30448430000001
2016-03-21 03:30:00,37.803402
2016-03-21 03:45:00,36.8482782
2016-03-21 04:00:00,40.0720043
2016-03-21 04:15:00,43.2957304
2016-03-21 04:30:00,41.68183870000001
2016-03-21 04:45:00,38.0855012
2016-03-21 05:00:00,36.8108672
2016-03-21 05:15:00,35.64657550000001
2016-03-21 05:30:00,44.0475075
2016-03-21 05:45:00,40.6819812
2016-03-21 06:00:00,36.51299520000001
2016-03-21 06:15:00,35.7200448
2016-03-21 06:30:00,36.57304480000001
2016-03-21 06:45:00,45.4616096
2016-03-21 07:00:00,35.7822977
2016-03-21 07:15:00,35.25067100000001
2016-03-21 07:30:00,36.352366700000005
2016-03-21 07:45:00,36.3144158
2016-03-21 08:00:00,48.2102886
2016-03-21 08:15:00,49.08551369999999
2016-03-21 08:30:00,64.1911262
2016-03-21 08:45:00,66.0685125
2016-03-21 09:00:00,77.26849650000003
2016-03-21 09:15:00,108.8494286
2016-03-21 09:30:00,127.1789494
2016-03-21 09:45:00,141.70613519999995
2016-03-21 10:00:00,152.394099
2016-03-21 10:15:00,161.8810115
2016-03-21 10:30:00,171.367924
2016-03-21 10:45:00,167.13814879999995
2016-03-21 11:00:00,172.76041279999998
2016-03-21 11:15:00,178.3826768
2016-03-21 11:30:00,186.5664723
2016-03-21 11:45:00,191.0315709
2016-03-21 12:00:00,195.4966695
2016-03-21 12:15:00,199.9617681
2016-03-21 12:30:00,198.84333999999998
2016-03-21 12:45:00,196.36174587692307
2016-03-21 13:00:00,193.88015175384615
2016-03-21 13:15:00,191.39855763076923
2016-03-21 13:30:00,188.9169635076923
2016-03-21 13:45:00,186.43536938461537
2016-03-21 14:00:00,183.95377526153845
2016-03-21 14:15:00,181.47218113846154
2016-03-21 14:30:00,178.99058701538462
2016-03-21 14:45:00,176.5089928923077
2016-03-21 15:00:00,174.02739876923079
2016-03-21 15:15:00,171.54580464615384
2016-03-21 15:30:00,169.06421052307692
2016-03-21 15:45:00,166.5826164
2016-03-21 16:00:00,169.11807059999995
2016-03-21 16:15:00,168.69260619999997
2016-03-21 16:30:00,146.696364
2016-03-21 16:45:00,127.9389888
2016-03-21 17:00:00,110.63045220000001
2016-03-21 17:15:00,85.3331115
2016-03-21 17:30:00,72.68176639999999
2016-03-21 17:45:00,72.11741099999998
2016-03-21 18:00:00,66.6654264
2016-03-21 18:15:00,79.4545791
2016-03-21 18:30:00,74.2366823
2016-03-21 18:45:00,71.9024404
2016-03-21 19:00:00,70.0476024
2016-03-21 19:15:00,67.61595279999999
2016-03-21 19:30:00,70.91562289999997
2016-03-21 19:45:00,65.81556959999999
2016-03-21 20:00:00,64.4423314
2016-03-21 20:15:00,61.7075819
2016-03-21 20:30:00,-0.1773367333333335
2016-03-21 20:45:00,64.9121148
2016-03-21 21:00:00,49.794175
2016-03-21 21:15:00,40.901491799999995
2016-03-21 21:30:00,40.79775120000001
2016-03-21 21:45:00,39.2276378
2016-03-21 22:00:00,48.4169464
2016-03-21 22:15:00,39.0874992
2016-03-21 22:30:00,39.6728723
2016-03-21 22:45:00,37.053791
2016-03-21 23:00:00,37.875129
2016-03-21 23:15:00,47.15724520000001
2016-03-21 23:30:00,35.2352656
2016-03-21 23:45:00,37.1277156
2016-03-22 00:00:00,36.4346131
2016-03-22 00:15:00,34.7426941
2016-03-22 00:30:00,45.67418380000001
2016-03-22 00:45:00,35.8739306
2016-03-22 01:00:00,34.4582347
2016-03-22 01:15:00,37.63304820000001
2016-03-22 01:30:00,35.29355719999999
2016-03-22 01:45:00,45.9000761
2016-03-22 02:00:00,37.4894338
2016-03-22 02:15:00,38.0572145
2016-03-22 02:30:00,36.063459
2016-03-22 02:45:00,40.7305373
2016-03-22 03:00:00,46.0840661
2016-03-22 03:15:00,35.52968
2016-03-22 03:30:00,38.040078
2016-03-22 03:45:00,36.4285016
2016-03-22 04:00:00,39.7151186
2016-03-22 04:15:00,42.4633244
2016-03-22 04:30:00,38.986808399999994
2016-03-22 04:45:00,37.2131802
2016-03-22 05:00:00,35.439552000000006
2016-03-22 05:15:00,37.0621707
2016-03-22 05:30:00,43.43652
2016-03-22 05:45:00,40.6275976
2016-03-22 06:00:00,37.64283399999999
2016-03-22 06:15:00,36.7070508
2016-03-22 06:30:00,34.0257636
2016-03-22 06:45:00,44.1371152
2016-03-22 07:00:00,37.410118100000005
2016-03-22 07:15:00,33.228051300000004
2016-03-22 07:30:00,34.9356463
2016-03-22 07:45:00,35.552009399999996
2016-03-22 08:00:00,45.4507442
2016-03-22 08:15:00,42.382932
2016-03-22 08:30:00,47.8602204
2016-03-22 08:45:00,52.277401399999995
2016-03-22 09:00:00,62.2219984
2016-03-22 09:15:00,94.4651292
2016-03-22 09:30:00,126.1246263
2016-03-22 09:45:00,146.30687849999995
2016-03-22 10:00:00,154.544382
2016-03-22 10:15:00,163.28991589999995
2016-03-22 10:30:00,166.44745491999996
2016-03-22 10:45:00,169.60499393999999
2016-03-22 11:00:00,172.76253296
2016-03-22 11:15:00,175.92007198000002
2016-03-22 11:30:00,179.07761100000002
2016-03-22 11:45:00,199.1193129
2016-03-22 12:00:00,196.3799981777778
2016-03-22 12:15:00,193.64068345555557
2016-03-22 12:30:00,190.90136873333333
2016-03-22 12:45:00,188.1620540111111
2016-03-22 13:00:00,185.4227392888889
2016-03-22 13:15:00,182.68342456666667
2016-03-22 13:30:00,179.94410984444443
2016-03-22 13:45:00,177.2047951222222
2016-03-22 14:00:00,174.4654804
2016-03-22 14:15:00,178.45324073333333
2016-03-22 14:30:00,182.44100106666667
2016-03-22 14:45:00,186.4287614
2016-03-22 15:00:00,181.1564911
2016-03-22 15:15:00,184.7926159
2016-03-22 15:30:00,178.99099939999996
2016-03-22 15:45:00,181.3074702
2016-03-22 16:00:00,164.3481544
2016-03-22 16:15:00,152.354875
2016-03-22 16:30:00,142.51560469999995
2016-03-22 16:45:00,120.4016476
2016-03-22 17:00:00,104.51835179999999
2016-03-22 17:15:00,83.4059969
2016-03-22 17:30:00,80.38220489999998
2016-03-22 17:45:00,72.29432589999998
2016-03-22 18:00:00,70.3526085
2016-03-22 18:15:00,84.26817619999998
2016-03-22 18:30:00,69.3203574
2016-03-22 18:45:00,65.2746104
2016-03-22 19:00:00,63.11172979999999
2016-03-22 19:15:00,62.303239500000004
2016-03-22 19:30:00,69.54007999999999
2016-03-22 19:45:00,60.22431270000001
2016-03-22 20:00:00,58.0941664
2016-03-22 20:15:00,49.8462249
2016-03-22 20:30:00,49.069944299999996
2016-03-22 20:45:00,53.55281300000001
2016-03-22 21:00:00,44.5769599
2016-03-22 21:15:00,44.6486713
2016-03-22 21:30:00,43.3550745
2016-03-22 21:45:00,41.5507071
2016-03-22 22:00:00,46.256014500000006
2016-03-22 22:15:00,39.0207326
2016-03-22 22:30:00,37.7351324
2016-03-22 22:45:00,36.76383780000001
2016-03-22 23:00:00,40.4201434
2016-03-22 23:15:00,42.17244
2016-03-22 23:30:00,36.874015
2016-03-22 23:45:00,36.6717809
2016-03-23 00:00:00,36.4695468
2016-03-23 00:15:00,36.979492799999996
2016-03-23 00:30:00,41.7180884
2016-03-23 00:45:00,39.799448299999995
2016-03-23 01:00:00,35.573502000000005
2016-03-23 01:15:00,35.8648552
2016-03-23 01:30:00,35.18235000000001
2016-03-23 01:45:00,43.48259229999999
2016-03-23 02:00:00,37.284003999999996
2016-03-23 02:15:00,35.741349799999995
2016-03-23 02:30:00,36.311626600000004
2016-03-23 02:45:00,36.227968
2016-03-23 03:00:00,45.40949120000001
2016-03-23 03:15:00,37.0454704
2016-03-23 03:30:00,36.52217520000001
2016-03-23 03:45:00,36.08244079999999
2016-03-23 04:00:00,36.05130259999999
2016-03-23 04:15:00,46.6097396
2016-03-23 04:30:00,35.26965070000001
2016-03-23 04:45:00,35.2177501
2016-03-23 05:00:00,36.156737400000004
2016-03-23 05:15:00,35.7903178
2016-03-23 05:30:00,46.4255232
2016-03-23 05:45:00,34.412294800000005
2016-03-23 06:00:00,35.227746100000005
2016-03-23 06:15:00,35.607536700000004
2016-03-23 06:30:00,35.1366604
2016-03-23 06:45:00,45.509288399999996
2016-03-23 07:00:00,34.6730374
2016-03-23 07:15:00,34.4440787
2016-03-23 07:30:00,34.371517999999995
2016-03-23 07:45:00,35.2448507
2016-03-23 08:00:00,50.4891225
2016-03-23 08:15:00,54.8231838
2016-03-23 08:30:00,71.147534
2016-03-23 08:45:00,75.9295018
2016-03-23 09:00:00,81.16542910000003
2016-03-23 09:15:00,97.8445248
2016-03-23 09:30:00,97.203184
2016-03-23 09:45:00,123.43937539999999
2016-03-23 10:00:00,132.02144909999998
2016-03-23 10:15:00,140.6035228
2016-03-23 10:30:00,149.18559650000003
2016-03-23 10:45:00,157.76767020000003
2016-03-23 11:00:00,166.34974390000002
2016-03-23 11:15:00,174.93181760000004
2016-03-23 11:30:00,198.1978425
2016-03-23 11:45:00,211.1889614
2016-03-23 12:00:00,204.0780293
2016-03-23 12:15:00,209.36025640000003
2016-03-23 12:30:00,206.7860055
2016-03-23 12:45:00,210.0622655
2016-03-23 13:00:00,209.6642084
2016-03-23 13:15:00,186.0085125
2016-03-23 13:30:00,189.6930378
2016-03-23 13:45:00,194.6896145
2016-03-23 14:00:00,197.9598294
2016-03-23 14:15:00,188.44178850000003
2016-03-23 14:30:00,193.28054760000003
2016-03-23 14:45:00,185.6042565
2016-03-23 15:00:00,183.01631940000001
2016-03-23 15:15:00,191.3934294
2016-03-23 15:30:00,201.509937
2016-03-23 15:45:00,217.7959733
2016-03-23 16:00:00,198.3066134
2016-03-23 16:15:00,179.4136148
2016-03-23 16:30:00,167.86277819999998
2016-03-23 16:45:00,138.58625709999998
2016-03-23 17:00:00,112.5898819
2016-03-23 17:15:00,100.4385325
2016-03-23 17:30:00,96.6080008
2016-03-23 17:45:00,72.8929428
2016-03-23 18:00:00,66.9902589
2016-03-23 18:15:00,76.8515328
2016-03-23 18:30:00,67.638021
2016-03-23 18:45:00,65.73870439999999
2016-03-23 19:00:00,62.50634600000001
2016-03-23 19:15:00,65.1864276
2016-03-23 19:30:00,71.1051548
2016-03-23 19:45:00,60.597544400000004
2016-03-23 20:00:00,56.1035244
2016-03-23 20:15:00,55.7524231
2016-03-23 20:30:00,55.5425917
2016-03-23 20:45:00,60.4430332
2016-03-23 21:00:00,49.0709123
2016-03-23 21:15:00,41.9238782
2016-03-23 21:30:00,38.7385573
2016-03-23 21:45:00,41.9224626
2016-03-23 22:00:00,45.7702413
2016-03-23 22:15:00,38.4494352
2016-03-23 22:30:00,40.00476020000001
2016-03-23 22:45:00,39.668679000000004
2016-03-23 23:00:00,39.3325978
2016-03-23 23:15:00,43.6347906
2016-03-23 23:30:00,41.99127070000001
2016-03-23 23:45:00,39.781246
2016-03-24 00:00:00,37.8157534
2016-03-24 00:15:00,39.46974960000001
2016-03-24 00:30:00,43.825715
2016-03-24 00:45:00,40.6595205
2016-03-24 01:00:00,37.342096600000005
2016-03-24 01:15:00,39.439015600000005
2016-03-24 01:30:00,38.3420702
2016-03-24 01:45:00,44.34963060000001
2016-03-24 02:00:00,39.00858
2016-03-24 02:15:00,38.0128782
2016-03-24 02:30:00,38.4504946
2016-03-24 02:45:00,37.4351536
2016-03-24 03:00:00,47.50671090000001
2016-03-24 03:15:00,36.9458216
2016-03-24 03:30:00,39.2053792
2016-03-24 03:45:00,38.033619
2016-03-24 04:00:00,37.0473321
2016-03-24 04:15:00,47.50430140000001
2016-03-24 04:30:00,39.125860100000004
2016-03-24 04:45:00,38.5332663
2016-03-24 05:00:00,37.2800177
2016-03-24 05:15:00,36.8251452
2016-03-24 05:30:00,50.437292
2016-03-24 05:45:00,37.358313700000004
2016-03-24 06:00:00,37.58728920000001
2016-03-24 06:15:00,38.35279300000001
2016-03-24 06:30:00,36.451514
2016-03-24 06:45:00,47.1173877
2016-03-24 07:00:00,37.05744960000001
2016-03-24 07:15:00,36.132671
2016-03-24 07:30:00,35.823614
2016-03-24 07:45:00,37.1048164
2016-03-24 08:00:00,50.9551591
2016-03-24 08:15:00,48.48338370000001
2016-03-24 08:30:00,53.77838060000001
2016-03-24 08:45:00,55.87467330000001
2016-03-24 09:00:00,72.59355490000002
2016-03-24 09:15:00,108.27906660000002
2016-03-24 09:30:00,115.92801620000002
2016-03-24 09:45:00,129.4106236
2016-03-24 10:00:00,135.18423800000002
2016-03-24 10:15:00,160.78424219999997
2016-03-24 10:30:00,168.8218003
2016-03-24 10:45:00,161.84120790000003
2016-03-24 11:00:00,154.86061550000005
2016-03-24 11:15:00,170.3295676
2016-03-24 11:30:00,181.79394283333332
2016-03-24 11:45:00,193.25831806666667
2016-03-24 12:00:00,204.7226933
2016-03-24 12:15:00,215.0241132
2016-03-24 12:30:00,204.74696719999997
2016-03-24 12:45:00,195.5472216
2016-03-24 13:00:00,204.3693568
2016-03-24 13:15:00,199.78682087272728
2016-03-24 13:30:00,195.20428494545453
2016-03-24 13:45:00,190.62174901818182
2016-03-24 14:00:00,186.03921309090907
2016-03-24 14:15:00,181.45667716363636
2016-03-24 14:30:00,176.8741412363636
2016-03-24 14:45:00,172.2916053090909
2016-03-24 15:00:00,167.70906938181815
2016-03-24 15:15:00,163.12653345454544
2016-03-24 15:30:00,158.54399752727272
2016-03-24 15:45:00,153.96146159999998
2016-03-24 16:00:00,146.98049888333333
2016-03-24 16:15:00,139.99953616666664
2016-03-24 16:30:00,133.01857345
2016-03-24 16:45:00,126.03761073333332
2016-03-24 17:00:00,119.05664801666666
2016-03-24 17:15:00,112.07568529999999
2016-03-24 17:30:00,105.09472258333332
2016-03-24 17:45:00,98.11375986666667
2016-03-24 18:00:00,91.13279714999999
2016-03-24 18:15:00,84.15183443333333
2016-03-24 18:30:00,77.17087171666667
2016-03-24 18:45:00,70.189909
2016-03-24 19:00:00,67.30452810000001
2016-03-24 19:15:00,68.12311220000001
2016-03-24 19:30:00,68.2646668
2016-03-24 19:45:00,59.2517362
2016-03-24 20:00:00,45.677805799999994
2016-03-24 20:15:00,41.436434000000006
2016-03-24 20:30:00,45.998729
2016-03-24 20:45:00,46.596249199999995
2016-03-24 21:00:00,47.193769399999994
2016-03-24 21:15:00,43.3629537
2016-03-24 21:30:00,39.532138
2016-03-24 21:45:00,40.0365092
2016-03-24 22:00:00,47.66965880000001
2016-03-24 22:15:00,47.33493790000001
2016-03-24 22:30:00,47.000217
2016-03-24 22:45:00,46.6654961
2016-03-24 23:00:00,40.273734600000004
2016-03-24 23:15:00,42.4249054
2016-03-24 23:30:00,37.698927000000005
2016-03-24 23:45:00,35.7390576
2016-03-25 00:00:00,37.73482440000001
2016-03-25 00:15:00,40.2613271
2016-03-25 00:30:00,40.25825700000001
2016-03-25 00:45:00,36.174581599999996
2016-03-25 01:00:00,36.271137599999996
2016-03-25 01:15:00,34.77876979999999
2016-03-25 01:30:00,40.5872138
2016-03-25 01:45:00,41.27504165
2016-03-25 02:00:00,41.9628695
2016-03-25 02:15:00,35.3790172
2016-03-25 02:30:00,36.0302886
2016-03-25 02:45:00,35.684909999999995
2016-03-25 03:00:00,41.5718812
2016-03-25 03:15:00,38.9354512
2016-03-25 03:30:00,35.5271946
2016-03-25 03:45:00,33.875189199999994
2016-03-25 04:00:00,35.0769136
2016-03-25 04:15:00,43.2985776
2016-03-25 04:30:00,42.98974612083334
2016-03-25 04:45:00,42.68091464166667
2016-03-25 05:00:00,42.372083162500005
2016-03-25 05:15:00,42.063251683333334
2016-03-25 05:30:00,41.75442020416667
2016-03-25 05:45:00,41.44558872500001
2016-03-25 06:00:00,41.13675724583334
2016-03-25 06:15:00,40.827925766666674
2016-03-25 06:30:00,40.5190942875
2016-03-25 06:45:00,40.21026280833334
2016-03-25 07:00:00,39.90143132916667
2016-03-25 07:15:00,39.592599850000006
2016-03-25 07:30:00,39.28376837083334
2016-03-25 07:45:00,38.97493689166667
2016-03-25 08:00:00,38.66610541250001
2016-03-25 08:15:00,38.35727393333334
2016-03-25 08:30:00,38.048442454166675
2016-03-25 08:45:00,37.739610975000005
2016-03-25 09:00:00,37.43077949583334
2016-03-25 09:15:00,37.12194801666668
2016-03-25 09:30:00,36.81311653750001
2016-03-25 09:45:00,36.504285058333345
2016-03-25 10:00:00,36.19545357916668
2016-03-25 10:15:00,35.88662210000001
2016-03-25 10:30:00,45.095154
2016-03-25 10:45:00,38.22768920000001
2016-03-25 11:00:00,37.188072999999996
2016-03-25 11:15:00,36.347679600000006
2016-03-25 11:30:00,37.2884354
2016-03-25 11:45:00,45.809439399999995
2016-03-25 12:00:00,41.5750326
2016-03-25 12:15:00,36.2713128
2016-03-25 12:30:00,39.5521668
2016-03-25 12:45:00,42.83302080000001
2016-03-25 13:00:00,46.11387480000001
2016-03-25 13:15:00,39.63382710000001
2016-03-25 13:30:00,37.902492200000005
2016-03-25 13:45:00,38.01184179999999
2016-03-25 14:00:00,39.3170402
2016-03-25 14:15:00,38.522707200000006
2016-03-25 14:30:00,45.7636608
2016-03-25 14:45:00,39.181545799999995
2016-03-25 15:00:00,39.74841314285714
2016-03-25 15:15:00,40.31528048571428
2016-03-25 15:30:00,40.882147828571426
2016-03-25 15:45:00,41.44901517142857
2016-03-25 16:00:00,42.015882514285714
2016-03-25 16:15:00,42.58274985714286
2016-03-25 16:30:00,43.149617199999994
2016-03-25 16:45:00,43.71648454285714
2016-03-25 17:00:00,44.28335188571428
2016-03-25 17:15:00,44.850219228571426
2016-03-25 17:30:00,45.41708657142857
2016-03-25 17:45:00,45.98395391428571
2016-03-25 18:00:00,46.55082125714286
2016-03-25 18:15:00,47.1176886
2016-03-25 18:30:00,41.0094168
2016-03-25 18:45:00,35.1725006
2016-03-25 19:00:00,37.9386816
2016-03-25 19:15:00,39.4342158
2016-03-25 19:30:00,42.6696882
2016-03-25 19:45:00,40.6069661
2016-03-25 20:00:00,35.9083774
2016-03-25 20:15:00,35.4477502
2016-03-25 20:30:00,33.7473687
2016-03-25 20:45:00,44.151049900000004
2016-03-25 21:00:00,36.5945446
2016-03-25 21:15:00,35.80974320000001
2016-03-25 21:30:00,36.78259620000001
2016-03-25 21:45:00,35.2412352
2016-03-25 22:00:00,43.3717242
2016-03-25 22:15:00,36.475719399999996
2016-03-25 22:30:00,35.50775969999999
2016-03-25 22:45:00,34.9967006
2016-03-25 23:00:00,35.75305
2016-03-25 23:15:00,44.76287370000001
2016-03-25 23:30:00,34.2847604
2016-03-25 23:45:00,35.51744950000001
2016-03-26 00:00:00,36.10842210000001
2016-03-26 00:15:00,34.319886
2016-03-26 00:30:00,42.9471758
2016-03-26 00:45:00,35.2736446
2016-03-26 01:00:00,34.54528200000001
2016-03-26 01:15:00,35.962804299999995
2016-03-26 01:30:00,34.693148400000005
2016-03-26 01:45:00,44.782945
2016-03-26 02:00:00,34.960359000000004
2016-03-26 02:15:00,36.812111200000004
2016-03-26 02:30:00,34.078920999999994
2016-03-26 02:45:00,37.2222004
2016-03-26 03:00:00,46.0062642
2016-03-26 03:15:00,35.1749973
2016-03-26 03:30:00,34.917081200000005
2016-03-26 03:45:00,36.95096390000001
2016-03-26 04:00:00,37.460199783333344
2016-03-26 04:15:00,37.969435666666676
2016-03-26 04:30:00,38.478671550000016
2016-03-26 04:45:00,38.98790743333335
2016-03-26 05:00:00,39.49714331666668
2016-03-26 05:15:00,40.00637920000001
2016-03-26 05:30:00,40.515615083333344
2016-03-26 05:45:00,41.024850966666676
2016-03-26 06:00:00,41.53408685000001
2016-03-26 06:15:00,42.04332273333335
2016-03-26 06:30:00,42.55255861666668
2016-03-26 06:45:00,43.06179450000001
2016-03-26 07:00:00,32.4079164
2016-03-26 07:15:00,32.6510064
2016-03-26 07:30:00,34.542337
2016-03-26 07:45:00,38.6072756
2016-03-26 08:00:00,44.13209680000001
2016-03-26 08:15:00,42.7463321
2016-03-26 08:30:00,45.562867100000005
2016-03-26 08:45:00,49.3283988
2016-03-26 09:00:00,72.4367124
2016-03-26 09:15:00,78.31653240000001
2016-03-26 09:30:00,84.19635240000002
2016-03-26 09:45:00,91.837636
2016-03-26 10:00:00,109.7643115
2016-03-26 10:15:00,113.3228214
2016-03-26 10:30:00,123.3932935
2016-03-26 10:45:00,127.1958011
2016-03-26 11:00:00,123.4915068
2016-03-26 11:15:00,127.1414817
2016-03-26 11:30:00,133.029117
2016-03-26 11:45:00,135.27673800000002
2016-03-26 12:00:00,131.24450259999998
2016-03-26 12:15:00,123.93973059999999
2016-03-26 12:30:00,130.4896938
2016-03-26 12:45:00,120.4548824
2016-03-26 13:00:00,123.42967490000001
2016-03-26 13:15:00,107.0067953
2016-03-26 13:30:00,81.68104559999999
2016-03-26 13:45:00,72.0218786
2016-03-26 14:00:00,64.2866586
2016-03-26 14:15:00,57.428667
2016-03-26 14:30:00,60.509510600000006
2016-03-26 14:45:00,57.11758199999999
2016-03-26 15:00:00,50.306825
2016-03-26 15:15:00,46.608674
2016-03-26 15:30:00,47.22482900000001
2016-03-26 15:45:00,50.8891596
2016-03-26 16:00:00,45.638046200000005
2016-03-26 16:15:00,43.39433380000001
2016-03-26 16:30:00,39.29379360000001
2016-03-26 16:45:00,38.72088529999999
2016-03-26 17:00:00,45.9810135
2016-03-26 17:15:00,43.1601099
2016-03-26 17:30:00,36.7176184
2016-03-26 17:45:00,38.9354631
2016-03-26 18:00:00,39.846144
2016-03-26 18:15:00,44.53218780000001
2016-03-26 18:30:00,42.5669604
2016-03-26 18:45:00,40.358153400000006
2016-03-26 19:00:00,36.442826399999994
2016-03-26 19:15:00,38.21833409999999
2016-03-26 19:30:00,44.7862131
2016-03-26 19:45:00,42.3703226
2016-03-26 20:00:00,38.100469200000006
2016-03-26 20:15:00,38.2853061
2016-03-26 20:30:00,36.63969400000001
2016-03-26 20:45:00,45.11451470000001
2016-03-26 21:00:00,40.2793955
2016-03-26 21:15:00,37.8163398
2016-03-26 21:30:00,36.4635968
2016-03-26 21:45:00,38.6254296
2016-03-26 22:00:00,45.185859
2016-03-26 22:15:00,38.9081653
2016-03-26 22:30:00,35.6113018
2016-03-26 22:45:00,35.6350098
2016-03-26 23:00:00,32.550451200000005
2016-03-26 23:15:00,43.21617630000001
2016-03-26 23:30:00,36.4568231
2016-03-26 23:45:00,33.1636326
2016-03-27 00:00:00,35.41922329999999
2016-03-27 00:15:00,35.826089700000004
2016-03-27 00:30:00,40.16931600000001
2016-03-27 00:45:00,36.552739
2016-03-27 01:00:00,34.3569692
2016-03-27 01:15:00,33.382743000000005
2016-03-27 01:30:00,34.303881999999994
2016-03-27 01:45:00,42.441945600000004
2016-03-27 02:00:00,35.2561794
2016-03-27 02:15:00,34.726079399999996
2016-03-27 02:30:00,34.600879799999994
2016-03-27 02:45:00,34.724889000000005
2016-03-27 03:00:00,42.6270117
2016-03-27 03:15:00,38.012264
2016-03-27 03:30:00,33.95138000000001
2016-03-27 03:45:00,34.429095600000004
2016-03-27 04:00:00,34.82877020000001
2016-03-27 04:15:00,42.52725
2016-03-27 04:30:00,35.878778600000004
2016-03-27 04:45:00,35.5386446
2016-03-27 05:00:00,34.1138592
2016-03-27 05:15:00,33.730357000000005
2016-03-27 05:30:00,41.700207899999995
2016-03-27 05:45:00,37.7296217
2016-03-27 06:00:00,32.7301224
2016-03-27 06:15:00,35.20078849999999
2016-03-27 06:30:00,35.097928399999994
2016-03-27 06:45:00,42.0552713
2016-03-27 07:00:00,37.261205
2016-03-27 07:15:00,35.043607
2016-03-27 07:30:00,32.0849976
2016-03-27 07:45:00,34.50917020000001
2016-03-27 08:00:00,42.80385980000001
2016-03-27 08:15:00,36.1295144
2016-03-27 08:30:00,34.2314051
2016-03-27 08:45:00,35.82222599999999
2016-03-27 09:00:00,34.290731699999995
2016-03-27 09:15:00,43.1779348
2016-03-27 09:30:00,38.5017844
2016-03-27 09:45:00,35.0982162
2016-03-27 10:00:00,34.64400870000001
2016-03-27 10:15:00,37.849203200000005
2016-03-27 10:30:00,41.0543977
2016-03-27 10:45:00,43.118375
2016-03-27 11:00:00,37.43468650000001
2016-03-27 11:15:00,37.24999560000001
2016-03-27 11:30:00,38.6658982
2016-03-27 11:45:00,44.0307283
2016-03-27 12:00:00,42.9766386
2016-03-27 12:15:00,38.8766304
2016-03-27 12:30:00,38.7415408
2016-03-27 12:45:00,39.0451902826087
2016-03-27 13:00:00,39.34883976521739
2016-03-27 13:15:00,39.65248924782609
2016-03-27 13:30:00,39.95613873043479
2016-03-27 13:45:00,40.25978821304348
2016-03-27 14:00:00,40.563437695652176
2016-03-27 14:15:00,40.867087178260874
2016-03-27 14:30:00,41.170736660869565
2016-03-27 14:45:00,41.47438614347826
2016-03-27 15:00:00,41.77803562608696
2016-03-27 15:15:00,42.08168510869565
2016-03-27 15:30:00,42.38533459130435
2016-03-27 15:45:00,42.68898407391305
2016-03-27 16:00:00,42.99263355652174
2016-03-27 16:15:00,43.29628303913044
2016-03-27 16:30:00,43.59993252173913
2016-03-27 16:45:00,43.903582004347825
2016-03-27 17:00:00,44.20723148695652
2016-03-27 17:15:00,44.510880969565214
2016-03-27 17:30:00,44.81453045217391
2016-03-27 17:45:00,45.11817993478261
2016-03-27 18:00:00,45.4218294173913
2016-03-27 18:15:00,45.7254789
2016-03-27 18:30:00,37.656784
2016-03-27 18:45:00,38.2047068
2016-03-27 19:00:00,36.60429600000001
2016-03-27 19:15:00,35.95584200000001
2016-03-27 19:30:00,47.9754492
2016-03-27 19:45:00,36.7118688
2016-03-27 20:00:00,38.928317
2016-03-27 20:15:00,38.0730934
2016-03-27 20:30:00,36.7143511
2016-03-27 20:45:00,46.0178912
2016-03-27 21:00:00,36.33156870000001
2016-03-27 21:15:00,35.5876618
2016-03-27 21:30:00,35.155607999999994
2016-03-27 21:45:00,35.71040520000001
2016-03-27 22:00:00,46.02097260000001
2016-03-27 22:15:00,32.935393
2016-03-27 22:30:00,34.4772102
2016-03-27 22:45:00,35.147213
2016-03-27 23:00:00,33.568913200000004
2016-03-27 23:15:00,45.6024862
2016-03-27 23:30:00,34.7273726
2016-03-27 23:45:00,33.6642911
2016-03-28 00:00:00,34.5960437
2016-03-28 00:15:00,35.0369203
2016-03-28 00:30:00,42.0857667
2016-03-28 00:45:00,34.318314799999996
2016-03-28 01:00:00,35.3726139
2016-03-28 01:15:00,33.316029
2016-03-28 01:30:00,36.7006437
2016-03-28 01:45:00,39.25354795483871
2016-03-28 02:00:00,41.80645220967742
2016-03-28 02:15:00,44.359356464516125
2016-03-28 02:30:00,46.91226071935483
2016-03-28 02:45:00,49.46516497419354
2016-03-28 03:00:00,52.01806922903226
2016-03-28 03:15:00,54.57097348387096
2016-03-28 03:30:00,57.12387773870967
2016-03-28 03:45:00,59.67678199354838
2016-03-28 04:00:00,62.22968624838709
2016-03-28 04:15:00,64.7825905032258
2016-03-28 04:30:00,67.33549475806451
2016-03-28 04:45:00,69.88839901290322
2016-03-28 05:00:00,72.44130326774192
2016-03-28 05:15:00,74.99420752258064
2016-03-28 05:30:00,77.54711177741935
2016-03-28 05:45:00,80.10001603225805
2016-03-28 06:00:00,82.65292028709676
2016-03-28 06:15:00,85.20582454193547
2016-03-28 06:30:00,87.75872879677418
2016-03-28 06:45:00,90.31163305161289
2016-03-28 07:00:00,92.8645373064516
2016-03-28 07:15:00,95.4174415612903
2016-03-28 07:30:00,97.97034581612903
2016-03-28 07:45:00,100.52325007096772
2016-03-28 08:00:00,103.07615432580643
2016-03-28 08:15:00,105.62905858064514
2016-03-28 08:30:00,108.18196283548384
2016-03-28 08:45:00,110.73486709032257
2016-03-28 09:00:00,113.28777134516127
2016-03-28 09:15:00,115.84067559999998
2016-03-28 09:30:00,141.49037699999997
2016-03-28 09:45:00,138.46203690000002
2016-03-28 10:00:00,142.9166396
2016-03-28 10:15:00,147.55168070000005
2016-03-28 10:30:00,162.5149805
2016-03-28 10:45:00,157.5921751
2016-03-28 11:00:00,167.52769990000004
2016-03-28 11:15:00,172.62561200000002
2016-03-28 11:30:00,191.6763222
2016-03-28 11:45:00,215.8640474
2016-03-28 12:00:00,203.92116600000003
2016-03-28 12:15:00,211.28978000000004
2016-03-28 12:30:00,212.79669199999998
2016-03-28 12:45:00,205.3337916
2016-03-28 13:00:00,205.43351260000003
2016-03-28 13:15:00,186.7963122
2016-03-28 13:30:00,183.98077760000004
2016-03-28 13:45:00,186.09976799999998
2016-03-28 14:00:00,188.88977030000004
2016-03-28 14:15:00,184.141663
2016-03-28 14:30:00,183.4382496
2016-03-28 14:45:00,182.73483620000002
2016-03-28 15:00:00,182.0314228
2016-03-28 15:15:00,181.3280094
2016-03-28 15:30:00,180.37786830000005
2016-03-28 15:45:00,179.42772720000005
2016-03-28 16:00:00,163.88544840000003
2016-03-28 16:15:00,162.29303040000005
2016-03-28 16:30:00,145.806647
2016-03-28 16:45:00,128.28133350000002
2016-03-28 17:00:00,116.5428848
2016-03-28 17:15:00,97.715078
2016-03-28 17:30:00,84.95674559999998
2016-03-28 17:45:00,76.789996
2016-03-28 18:00:00,81.60338895000001
2016-03-28 18:15:00,86.4167819
2016-03-28 18:30:00,80.705492
2016-03-28 18:45:00,74.9942021
2016-03-28 19:00:00,69.2829122
2016-03-28 19:15:00,66.9269573
2016-03-28 19:30:00,64.5710024
2016-03-28 19:45:00,62.2150475
2016-03-28 20:00:00,59.8590926
2016-03-28 20:15:00,56.6580778
2016-03-28 20:30:00,53.45706300000001
2016-03-28 20:45:00,65.4853254
2016-03-28 21:00:00,55.72035739999999
2016-03-28 21:15:00,49.07322719999999
2016-03-28 21:30:00,42.57641929999999
2016-03-28 21:45:00,39.970809
2016-03-28 22:00:00,46.0344684
2016-03-28 22:15:00,36.803521
2016-03-28 22:30:00,36.53600220000001
2016-03-28 22:45:00,36.05705860000001
2016-03-28 23:00:00,36.9101928
2016-03-28 23:15:00,45.6920646
2016-03-28 23:30:00,35.3682802
2016-03-28 23:45:00,36.892225200000006
2016-03-29 00:00:00,35.1039249
2016-03-29 00:15:00,37.38015950000001
2016-03-29 00:30:00,44.98984409999999
2016-03-29 00:45:00,35.541714
2016-03-29 01:00:00,36.7625244
2016-03-29 01:15:00,36.450338
2016-03-29 01:30:00,35.0229894
2016-03-29 01:45:00,45.34983490000001
2016-03-29 02:00:00,36.6487359
2016-03-29 02:15:00,35.37956629999999
2016-03-29 02:30:00,36.1058652
2016-03-29 02:45:00,36.8292066
2016-03-29 03:00:00,45.02700100000001
2016-03-29 03:15:00,37.27322069999999
2016-03-29 03:30:00,36.48974730000001
2016-03-29 03:45:00,35.1590214
2016-03-29 04:00:00,36.25342360000001
2016-03-29 04:15:00,47.23320940000001
2016-03-29 04:30:00,34.631787200000005
2016-03-29 04:45:00,36.693348
2016-03-29 05:00:00,36.81737760000001
2016-03-29 05:15:00,35.31692
2016-03-29 05:30:00,45.546698000000006
2016-03-29 05:45:00,36.47069870000001
2016-03-29 06:00:00,34.9147947
2016-03-29 06:15:00,35.01191
2016-03-29 06:30:00,35.5161472
2016-03-29 06:45:00,42.4949872
2016-03-29 07:00:00,35.1012935
2016-03-29 07:15:00,35.8791042
2016-03-29 07:30:00,35.3278884
2016-03-29 07:45:00,35.5390763
2016-03-29 08:00:00,47.754501399999995
2016-03-29 08:15:00,45.067862700000006
2016-03-29 08:30:00,51.22672830000001
2016-03-29 08:45:00,55.48057220000001
2016-03-29 09:00:00,66.89844876363637
2016-03-29 09:15:00,78.31632532727274
2016-03-29 09:30:00,89.7342018909091
2016-03-29 09:45:00,101.15207845454546
2016-03-29 10:00:00,112.56995501818183
2016-03-29 10:15:00,123.98783158181818
2016-03-29 10:30:00,135.40570814545455
2016-03-29 10:45:00,146.8235847090909
2016-03-29 11:00:00,158.2414612727273
2016-03-29 11:15:00,169.65933783636365
2016-03-29 11:30:00,181.0772144
2016-03-29 11:45:00,194.285971
2016-03-29 12:00:00,186.78146730000003
2016-03-29 12:15:00,205.4783255
2016-03-29 12:30:00,209.1712476
2016-03-29 12:45:00,197.018033
2016-03-29 13:00:00,210.05263650000003
2016-03-29 13:15:00,195.8512469
2016-03-29 13:30:00,169.7007836
2016-03-29 13:45:00,164.98819569999995
2016-03-29 14:00:00,155.6682927
2016-03-29 14:15:00,158.05041200000005
2016-03-29 14:30:00,174.9649776
2016-03-29 14:45:00,176.44206359999998
2016-03-29 15:00:00,180.17361359999998
2016-03-29 15:15:00,182.6773509
2016-03-29 15:30:00,173.3200592
2016-03-29 15:45:00,192.64903240000004
2016-03-29 16:00:00,171.66564180000003
2016-03-29 16:15:00,161.33410890000002
2016-03-29 16:30:00,155.32060479999996
2016-03-29 16:45:00,137.7401872
2016-03-29 17:00:00,103.2962642
2016-03-29 17:15:00,91.274016
2016-03-29 17:30:00,87.4852906909091
2016-03-29 17:45:00,83.69656538181819
2016-03-29 18:00:00,79.90784007272728
2016-03-29 18:15:00,76.11911476363636
2016-03-29 18:30:00,72.33038945454545
2016-03-29 18:45:00,68.54166414545455
2016-03-29 19:00:00,64.75293883636364
2016-03-29 19:15:00,60.964213527272726
2016-03-29 19:30:00,57.17548821818182
2016-03-29 19:45:00,53.386762909090905
2016-03-29 20:00:00,49.5980376
2016-03-29 20:15:00,49.1731532
2016-03-29 20:30:00,42.705498299999995
2016-03-29 20:45:00,49.5008276
2016-03-29 21:00:00,41.962922
2016-03-29 21:15:00,40.2515002
2016-03-29 21:30:00,39.196187
2016-03-29 21:45:00,36.9905819
2016-03-29 22:00:00,43.0603175
2016-03-29 22:15:00,33.8374785
2016-03-29 22:30:00,32.0621406
2016-03-29 22:45:00,32.233008
2016-03-29 23:00:00,32.81123520000001
2016-03-29 23:15:00,40.981742
2016-03-29 23:30:00,32.6389976
2016-03-29 23:45:00,32.4394433
2016-03-30 00:00:00,30.9293934
2016-03-30 00:15:00,32.294508
2016-03-30 00:30:00,40.0046466
2016-03-30 00:45:00,31.805176
2016-03-30 01:00:00,32.0956728
2016-03-30 01:15:00,32.3969264
2016-03-30 01:30:00,29.6857197
2016-03-30 01:45:00,40.14484580000001
2016-03-30 02:00:00,33.99412879999999
2016-03-30 02:15:00,30.6412976
2016-03-30 02:30:00,32.111609
2016-03-30 02:45:00,32.1378912
2016-03-30 03:00:00,38.88060280000001
2016-03-30 03:15:00,34.121793600000004
2016-03-30 03:30:00,32.0927394
2016-03-30 03:45:00,31.7615216
2016-03-30 04:00:00,30.9730036
2016-03-30 04:15:00,40.5753044
2016-03-30 04:30:00,33.7631536
2016-03-30 04:45:00,31.139134
2016-03-30 05:00:00,31.856156800000004
2016-03-30 05:15:00,31.544458000000002
2016-03-30 05:30:00,38.7472976
2016-03-30 05:45:00,34.2841867
2016-03-30 06:00:00,31.3137934
2016-03-30 06:15:00,31.094519200000004
2016-03-30 06:30:00,31.648
2016-03-30 06:45:00,41.20071170000001
2016-03-30 07:00:00,33.091158300000004
2016-03-30 07:15:00,33.17259119999999
2016-03-30 07:30:00,32.18212414999999
2016-03-30 07:45:00,31.1916571
2016-03-30 08:00:00,44.77845479999999
2016-03-30 08:15:00,44.3739339
2016-03-30 08:30:00,50.68212160000001
2016-03-30 08:45:00,53.3114952
2016-03-30 09:00:00,63.72581039999999
2016-03-30 09:15:00,87.31909220000001
2016-03-30 09:30:00,103.9057522
2016-03-30 09:45:00,127.7345386
2016-03-30 10:00:00,133.84165639999998
2016-03-30 10:15:00,150.80806619999998
2016-03-30 10:30:00,173.85363930000003
2016-03-30 10:45:00,172.69580480000002
2016-03-30 11:00:00,168.08661920000003
2016-03-30 11:15:00,170.7487086
2016-03-30 11:30:00,172.65063430000004
2016-03-30 11:45:00,181.1656288
2016-03-30 12:00:00,176.7290046
2016-03-30 12:15:00,181.2858078
2016-03-30 12:30:00,180.5905374
2016-03-30 12:45:00,182.0944634
2016-03-30 13:00:00,185.95989540000002
2016-03-30 13:15:00,171.49457080000002
2016-03-30 13:30:00,172.2951
2016-03-30 13:45:00,181.3442024
2016-03-30 14:00:00,192.96024509999998
2016-03-30 14:15:00,185.9588547
2016-03-30 14:30:00,191.0164931
2016-03-30 14:45:00,188.0412736
2016-03-30 15:00:00,187.4542421
2016-03-30 15:15:00,196.253157
2016-03-30 15:30:00,202.0548125
2016-03-30 15:45:00,214.36350750000003
2016-03-30 16:00:00,196.2222704
2016-03-30 16:15:00,178.86572120000002
2016-03-30 16:30:00,158.62146120000003
2016-03-30 16:45:00,126.3636388
2016-03-30 17:00:00,100.2162024
2016-03-30 17:15:00,77.14065529999998
2016-03-30 17:30:00,66.43266940000001
2016-03-30 17:45:00,64.65090579999999
2016-03-30 18:00:00,63.660908400000004
2016-03-30 18:15:00,73.3621497
2016-03-30 18:30:00,64.09944209999999
2016-03-30 18:45:00,65.54361259999999
2016-03-30 19:00:00,67.48151820000001
2016-03-30 19:15:00,64.10295500000001
2016-03-30 19:30:00,71.70018789999997
2016-03-30 19:45:00,64.1620628
2016-03-30 20:00:00,60.756375600000005
2016-03-30 20:15:00,63.1212343
2016-03-30 20:30:00,63.3385712
2016-03-30 20:45:00,63.95237474807692
2016-03-30 21:00:00,64.56617829615384
2016-03-30 21:15:00,65.17998184423077
2016-03-30 21:30:00,65.79378539230768
2016-03-30 21:45:00,66.40758894038461
2016-03-30 22:00:00,67.02139248846153
2016-03-30 22:15:00,67.63519603653846
2016-03-30 22:30:00,68.24899958461538
2016-03-30 22:45:00,68.8628031326923
2016-03-30 23:00:00,69.47660668076922
2016-03-30 23:15:00,70.09041022884615
2016-03-30 23:30:00,70.70421377692307
2016-03-30 23:45:00,71.318017325
2016-03-31 00:00:00,71.93182087307692
2016-03-31 00:15:00,72.54562442115385
2016-03-31 00:30:00,73.15942796923076
2016-03-31 00:45:00,73.77323151730769
2016-03-31 01:00:00,74.38703506538461
2016-03-31 01:15:00,75.00083861346154
2016-03-31 01:30:00,75.61464216153846
2016-03-31 01:45:00,76.22844570961539
2016-03-31 02:00:00,76.8422492576923
2016-03-31 02:15:00,77.45605280576923
2016-03-31 02:30:00,78.06985635384615
2016-03-31 02:45:00,78.68365990192308
2016-03-31 03:00:00,79.29746345
2016-03-31 03:15:00,79.91126699807693
2016-03-31 03:30:00,80.52507054615384
2016-03-31 03:45:00,81.13887409423077
2016-03-31 04:00:00,81.75267764230769
2016-03-31 04:15:00,82.3664811903846
2016-03-31 04:30:00,82.98028473846153
2016-03-31 04:45:00,83.59408828653847
2016-03-31 05:00:00,84.20789183461538
2016-03-31 05:15:00,84.8216953826923
2016-03-31 05:30:00,85.43549893076923
2016-03-31 05:45:00,86.04930247884616
2016-03-31 06:00:00,86.66310602692307
2016-03-31 06:15:00,87.27690957499999
2016-03-31 06:30:00,87.89071312307692
2016-03-31 06:45:00,88.50451667115385
2016-03-31 07:00:00,89.11832021923077
2016-03-31 07:15:00,89.73212376730768
2016-03-31 07:30:00,90.34592731538461
2016-03-31 07:45:00,90.95973086346154
2016-03-31 08:00:00,91.57353441153846
2016-03-31 08:15:00,92.18733795961538
2016-03-31 08:30:00,92.80114150769231
2016-03-31 08:45:00,93.41494505576924
2016-03-31 09:00:00,94.02874860384615
2016-03-31 09:15:00,94.64255215192307
2016-03-31 09:30:00,95.2563557
2016-03-31 09:45:00,114.9847324
2016-03-31 10:00:00,127.46703240000002
2016-03-31 10:15:00,145.7556706
2016-03-31 10:30:00,162.91413350000005
2016-03-31 10:45:00,158.93615370000003
2016-03-31 11:00:00,163.90604785000005
2016-03-31 11:15:00,168.87594200000004
2016-03-31 11:30:00,168.32115614000003
2016-03-31 11:45:00,167.76637028000005
2016-03-31 12:00:00,167.21158442000004
2016-03-31 12:15:00,166.65679856000006
2016-03-31 12:30:00,166.10201270000005
2016-03-31 12:45:00,178.0771249
2016-03-31 13:00:00,190.50428689999998
2016-03-31 13:15:00,170.7635737
2016-03-31 13:30:00,161.2804812
2016-03-31 13:45:00,158.85063459999995
2016-03-31 14:00:00,153.03845370000005
2016-03-31 14:15:00,164.5488283
2016-03-31 14:30:00,180.3012973
2016-03-31 14:45:00,156.83839559999996
2016-03-31 15:00:00,164.1260061
2016-03-31 15:15:00,163.93424547234045
2016-03-31 15:30:00,163.74248484468086
2016-03-31 15:45:00,163.5507242170213
2016-03-31 16:00:00,163.3589635893617
2016-03-31 16:15:00,163.16720296170215
2016-03-31 16:30:00,162.97544233404255
2016-03-31 16:45:00,162.783681706383
2016-03-31 17:00:00,162.59192107872343
2016-03-31 17:15:00,162.40016045106384
2016-03-31 17:30:00,162.20839982340428
2016-03-31 17:45:00,162.0166391957447
2016-03-31 18:00:00,161.82487856808513
2016-03-31 18:15:00,161.63311794042554
2016-03-31 18:30:00,161.44135731276597
2016-03-31 18:45:00,161.2495966851064
2016-03-31 19:00:00,161.05783605744682
2016-03-31 19:15:00,160.86607542978726
2016-03-31 19:30:00,160.67431480212767
2016-03-31 19:45:00,160.4825541744681
2016-03-31 20:00:00,160.29079354680852
2016-03-31 20:15:00,160.09903291914895
2016-03-31 20:30:00,159.9072722914894
2016-03-31 20:45:00,159.7155116638298
2016-03-31 21:00:00,159.52375103617024
2016-03-31 21:15:00,159.33199040851065
2016-03-31 21:30:00,159.1402297808511
2016-03-31 21:45:00,158.94846915319152
2016-03-31 22:00:00,158.75670852553193
2016-03-31 22:15:00,158.56494789787237
2016-03-31 22:30:00,158.37318727021278
2016-03-31 22:45:00,158.18142664255322
2016-03-31 23:00:00,157.98966601489363
2016-03-31 23:15:00,157.79790538723407
2016-03-31 23:30:00,157.6061447595745
2016-03-31 23:45:00,157.41438413191491
2016-04-01 00:00:00,157.22262350425535
2016-04-01 00:15:00,157.03086287659576
2016-04-01 00:30:00,156.8391022489362
2016-04-01 00:45:00,156.6473416212766
2016-04-01 01:00:00,156.45558099361705
2016-04-01 01:15:00,156.26382036595749
2016-04-01 01:30:00,156.0720597382979
2016-04-01 01:45:00,155.88029911063833
2016-04-01 02:00:00,155.68853848297874
2016-04-01 02:15:00,155.49677785531918
2016-04-01 02:30:00,155.3050172276596
2016-04-01 02:45:00,155.11325660000003
2016-04-01 03:00:00,154.92149597234047
2016-04-01 03:15:00,154.72973534468088
2016-04-01 03:30:00,154.5379747170213
2016-04-01 03:45:00,154.34621408936172
2016-04-01 04:00:00,154.15445346170216
2016-04-01 04:15:00,153.96269283404257
2016-04-01 04:30:00,153.770932206383
2016-04-01 04:45:00,153.57917157872345
2016-04-01 05:00:00,153.38741095106386
2016-04-01 05:15:00,153.1956503234043
2016-04-01 05:30:00,153.0038896957447
2016-04-01 05:45:00,152.81212906808514
2016-04-01 06:00:00,152.62036844042558
2016-04-01 06:15:00,152.428607812766
2016-04-01 06:30:00,152.23684718510643
2016-04-01 06:45:00,152.04508655744684
2016-04-01 07:00:00,151.85332592978727
2016-04-01 07:15:00,151.66156530212768
2016-04-01 07:30:00,151.46980467446812
2016-04-01 07:45:00,151.27804404680853
2016-04-01 08:00:00,151.08628341914897
2016-04-01 08:15:00,150.8945227914894
2016-04-01 08:30:00,150.70276216382982
2016-04-01 08:45:00,150.51100153617026
2016-04-01 09:00:00,150.31924090851066
2016-04-01 09:15:00,150.1274802808511
2016-04-01 09:30:00,149.93571965319154
2016-04-01 09:45:00,149.74395902553195
2016-04-01 10:00:00,149.5521983978724
2016-04-01 10:15:00,149.3604377702128
2016-04-01 10:30:00,149.16867714255324
2016-04-01 10:45:00,148.97691651489365
2016-04-01 11:00:00,148.78515588723408
2016-04-01 11:15:00,148.59339525957452
2016-04-01 11:30:00,148.40163463191493
2016-04-01 11:45:00,148.20987400425537
2016-04-01 12:00:00,148.01811337659578
2016-04-01 12:15:00,147.82635274893622
2016-04-01 12:30:00,147.63459212127663
2016-04-01 12:45:00,147.44283149361706
2016-04-01 13:00:00,147.2510708659575
2016-04-01 13:15:00,147.0593102382979
2016-04-01 13:30:00,146.86754961063835
2016-04-01 13:45:00,146.67578898297876
2016-04-01 14:00:00,146.4840283553192
2016-04-01 14:15:00,146.2922677276596
2016-04-01 14:30:00,146.10050710000004
2016-04-01 14:45:00,133.630574
2016-04-01 15:00:00,130.513572625
2016-04-01 15:15:00,127.39657125
2016-04-01 15:30:00,124.279569875
2016-04-01 15:45:00,121.1625685
2016-04-01 16:00:00,100.5771746
2016-04-01 16:15:00,100.7475096
2016-04-01 16:30:00,90.05905609999999
2016-04-01 16:45:00,85.52831275
2016-04-01 17:00:00,80.9975694
2016-04-01 17:15:00,70.6215844
2016-04-01 17:30:00,60.245599399999996
2016-04-01 17:45:00,58.45710513333333
2016-04-01 18:00:00,56.66861086666666
2016-04-01 18:15:00,54.880116599999994
2016-04-01 18:30:00,53.09162233333333
2016-04-01 18:45:00,51.303128066666666
2016-04-01 19:00:00,49.5146338
2016-04-01 19:15:00,47.72613953333333
2016-04-01 19:30:00,45.937645266666664
2016-04-01 19:45:00,44.149151
2016-04-01 20:00:00,42.36065673333333
2016-04-01 20:15:00,40.57216246666667
2016-04-01 20:30:00,38.7836682
2016-04-01 20:45:00,45.2626342
2016-04-01 21:00:00,37.6809312
2016-04-01 21:15:00,37.150424799999996
2016-04-01 21:30:00,32.700222499999995
2016-04-01 21:45:00,39.81815
2016-04-01 22:00:00,42.9165791
2016-04-01 22:15:00,35.2184078
2016-04-01 22:30:00,36.82958370000001
2016-04-01 22:45:00,37.3887366
2016-04-01 23:00:00,37.4490464
2016-04-01 23:15:00,43.3260456
2016-04-01 23:30:00,36.7395534
2016-04-01 23:45:00,34.6749984
2016-04-02 00:00:00,36.4396359
2016-04-02 00:15:00,36.33628112105263
2016-04-02 00:30:00,36.23292634210526
2016-04-02 00:45:00,36.129571563157896
2016-04-02 01:00:00,36.026216784210526
2016-04-02 01:15:00,35.922862005263156
2016-04-02 01:30:00,35.819507226315785
2016-04-02 01:45:00,35.716152447368415
2016-04-02 02:00:00,35.61279766842105
2016-04-02 02:15:00,35.50944288947368
2016-04-02 02:30:00,35.40608811052631
2016-04-02 02:45:00,35.30273333157894
2016-04-02 03:00:00,35.19937855263157
2016-04-02 03:15:00,35.09602377368421
2016-04-02 03:30:00,34.99266899473684
2016-04-02 03:45:00,34.88931421578947
2016-04-02 04:00:00,34.7859594368421
2016-04-02 04:15:00,34.682604657894736
2016-04-02 04:30:00,34.579249878947365
2016-04-02 04:45:00,34.475895099999995
2016-04-02 05:00:00,35.967268
2016-04-02 05:15:00,34.8882276
2016-04-02 05:30:00,39.58077479999999
2016-04-02 05:45:00,41.2852375
2016-04-02 06:00:00,34.2442974
2016-04-02 06:15:00,32.875319600000005
2016-04-02 06:30:00,35.2498999
2016-04-02 06:45:00,42.408601399999995
2016-04-02 07:00:00,38.408815999999995
2016-04-02 07:15:00,36.41763150000001
2016-04-02 07:30:00,35.5815386
2016-04-02 07:45:00,34.104420000000005
2016-04-02 08:00:00,44.10710220000001
2016-04-02 08:15:00,41.43205650000001
2016-04-02 08:30:00,38.99769660000001
2016-04-02 08:45:00,42.36215600000001
2016-04-02 09:00:00,42.1411194
2016-04-02 09:15:00,73.0236048
2016-04-02 09:30:00,96.11983459999999
2016-04-02 09:45:00,96.84686674166666
2016-04-02 10:00:00,97.57389888333333
2016-04-02 10:15:00,98.300931025
2016-04-02 10:30:00,99.02796316666667
2016-04-02 10:45:00,99.75499530833332
2016-04-02 11:00:00,100.48202744999999
2016-04-02 11:15:00,101.20905959166666
2016-04-02 11:30:00,101.93609173333333
2016-04-02 11:45:00,102.663123875
2016-04-02 12:00:00,103.39015601666667
2016-04-02 12:15:00,104.11718815833333
2016-04-02 12:30:00,104.84422029999999
2016-04-02 12:45:00,105.57125244166666
2016-04-02 13:00:00,106.29828458333333
2016-04-02 13:15:00,107.025316725
2016-04-02 13:30:00,107.75234886666667
2016-04-02 13:45:00,108.47938100833333
2016-04-02 14:00:00,109.20641315
2016-04-02 14:15:00,109.93344529166667
2016-04-02 14:30:00,110.66047743333334
2016-04-02 14:45:00,111.387509575
2016-04-02 15:00:00,112.11454171666666
2016-04-02 15:15:00,112.84157385833333
2016-04-02 15:30:00,113.568606
2016-04-02 15:45:00,134.66955040000002
2016-04-02 16:00:00,132.2911488
2016-04-02 16:15:00,129.91274719999998
2016-04-02 16:30:00,127.84271480000001
2016-04-02 16:45:00,131.51915565000002
2016-04-02 17:00:00,135.19559650000002
2016-04-02 17:15:00,130.92631526875002
2016-04-02 17:30:00,126.65703403750001
2016-04-02 17:45:00,122.38775280625002
2016-04-02 18:00:00,118.11847157500002
2016-04-02 18:15:00,113.84919034375001
2016-04-02 18:30:00,109.57990911250002
2016-04-02 18:45:00,105.31062788125001
2016-04-02 19:00:00,101.04134665000001
2016-04-02 19:15:00,96.77206541875
2016-04-02 19:30:00,92.5027841875
2016-04-02 19:45:00,88.23350295624999
2016-04-02 20:00:00,83.964221725
2016-04-02 20:15:00,79.69494049375
2016-04-02 20:30:00,75.4256592625
2016-04-02 20:45:00,71.15637803125
2016-04-02 21:00:00,66.8870968
2016-04-02 21:15:00,64.48828200000001
2016-04-02 21:30:00,62.538978500000006
2016-04-02 21:45:00,66.13645689999998
2016-04-02 22:00:00,63.30630364999999
2016-04-02 22:15:00,60.476150399999995
2016-04-02 22:30:00,51.6343652
2016-04-02 22:45:00,51.90039659999999
2016-04-02 23:00:00,43.605295700000006
2016-04-02 23:15:00,48.91672250000001
2016-04-02 23:30:00,48.74290250000001
2016-04-02 23:45:00,40.6440872
2016-04-03 00:00:00,43.67976750000001
2016-04-03 00:15:00,43.67829700000001
2016-04-03 00:30:00,45.94200940000001
2016-04-03 00:45:00,47.36209600000001
2016-04-03 01:00:00,43.2913226
2016-04-03 01:15:00,38.244054600000005
2016-04-03 01:30:00,42.16717320000001
2016-04-03 01:45:00,45.2303016
2016-04-03 02:00:00,46.9889669
2016-04-03 02:15:00,41.6857624
2016-04-03 02:30:00,43.098809300000006
2016-04-03 02:45:00,41.5934716
2016-04-03 03:00:00,44.15333649999999
2016-04-03 03:15:00,50.19342560000001
2016-04-03 03:30:00,40.7856326
2016-04-03 03:45:00,40.85056540000001
2016-04-03 04:00:00,39.7280763
2016-04-03 04:15:00,46.9951335
2016-04-03 04:30:00,46.463017
2016-04-03 04:45:00,43.76042
2016-04-03 05:00:00,42.917737
2016-04-03 05:15:00,39.0784251
2016-04-03 05:30:00,44.103365600000004
2016-04-03 05:45:00,49.7490492
2016-04-03 06:00:00,39.0694838
2016-04-03 06:15:00,41.9883432
2016-04-03 06:30:00,41.3767674
2016-04-03 06:45:00,45.49936689999999
2016-04-03 07:00:00,47.4791944
2016-04-03 07:15:00,41.0342464
2016-04-03 07:30:00,41.6037272
2016-04-03 07:45:00,39.4733862
2016-04-03 08:00:00,47.175608200000006
2016-04-03 08:15:00,47.86043640000001
2016-04-03 08:30:00,40.749937200000005
2016-04-03 08:45:00,41.6026265
2016-04-03 09:00:00,42.74040030000001
2016-04-03 09:15:00,59.4643654
2016-04-03 09:30:00,68.3694449
2016-04-03 09:45:00,63.8487948
2016-04-03 10:00:00,66.00065500000001
2016-04-03 10:15:00,69.86768599999999
2016-04-03 10:30:00,83.48234280000001
2016-04-03 10:45:00,83.98471049999999
2016-04-03 11:00:00,81.211761
2016-04-03 11:15:00,75.2276792
2016-04-03 11:30:00,75.6754196
2016-04-03 11:45:00,80.9531177
2016-04-03 12:00:00,83.29770260000002
2016-04-03 12:15:00,74.52343699999999
2016-04-03 12:30:00,76.06737700000002
2016-04-03 12:45:00,76.1116648
2016-04-03 13:00:00,81.41208619999998
2016-04-03 13:15:00,84.9434868
2016-04-03 13:30:00,78.7795804
2016-04-03 13:45:00,79.0542725
2016-04-03 14:00:00,76.03346410000002
2016-04-03 14:15:00,76.52734140000003
2016-04-03 14:30:00,83.7751648
2016-04-03 14:45:00,82.84663440000001
2016-04-03 15:00:00,84.8084082
2016-04-03 15:15:00,80.94656810000002
2016-04-03 15:30:00,82.1746607
2016-04-03 15:45:00,86.232254
2016-04-03 16:00:00,81.0978805
2016-04-03 16:15:00,72.49451440000001
2016-04-03 16:30:00,72.6558908
2016-04-03 16:45:00,72.93825
2016-04-03 17:00:00,76.9790766
2016-04-03 17:15:00,76.62240600000001
2016-04-03 17:30:00,69.7400925
2016-04-03 17:45:00,62.857779
2016-04-03 18:00:00,63.2975824
2016-04-03 18:15:00,63.7373858
2016-04-03 18:30:00,64.1771892
2016-04-03 18:45:00,64.6169926
2016-04-03 19:00:00,65.05679599999999
2016-04-03 19:15:00,65.4965994
2016-04-03 19:30:00,65.9364028
2016-04-03 19:45:00,66.3762062
2016-04-03 20:00:00,66.81600959999999
2016-04-03 20:15:00,67.25581299999999
2016-04-03 20:30:00,65.14384240000001
2016-04-03 20:45:00,66.92786000000001
2016-04-03 21:00:00,68.71187760000001
2016-04-03 21:15:00,0.4185511000000003
2016-04-03 21:30:00,61.8050574
2016-04-03 21:45:00,55.8548753
2016-04-03 22:00:00,59.5955662
2016-04-03 22:15:00,64.05733799999999
2016-04-03 22:30:00,54.2961922
2016-04-03 22:45:00,51.8647965
2016-04-03 23:00:00,55.3742561
2016-04-03 23:15:00,60.4049843
2016-04-03 23:30:00,42.10386760000001
2016-04-03 23:45:00,39.9588915
2016-04-04 00:00:00,41.0144791
2016-04-04 00:15:00,38.74199400000001
2016-04-04 00:30:00,45.8380273
2016-04-04 00:45:00,43.559688
2016-04-04 01:00:00,38.9061926
2016-04-04 01:15:00,41.1357569
2016-04-04 01:30:00,40.2428045
2016-04-04 01:45:00,48.83674320000001
2016-04-04 02:00:00,41.78189750000001
2016-04-04 02:15:00,42.735182200000004
2016-04-04 02:30:00,41.706360600000004
2016-04-04 02:45:00,38.215486299999995
2016-04-04 03:00:00,52.047053000000005
2016-04-04 03:15:00,38.0467256
2016-04-04 03:30:00,37.5628824
2016-04-04 03:45:00,41.234814
2016-04-04 04:00:00,41.07264479999999
2016-04-04 04:15:00,52.6112955
2016-04-04 04:30:00,41.6472034
2016-04-04 04:45:00,36.4574277
2016-04-04 05:00:00,38.77057
2016-04-04 05:15:00,40.4251895
2016-04-04 05:30:00,50.05678720000001
2016-04-04 05:45:00,36.57712580000001
2016-04-04 06:00:00,39.65529360000001
2016-04-04 06:15:00,39.055973200000004
2016-04-04 06:30:00,37.02712329999999
2016-04-04 06:45:00,49.333940500000004
2016-04-04 07:00:00,39.47783070000001
2016-04-04 07:15:00,38.5946412
2016-04-04 07:30:00,35.923469700000005
2016-04-04 07:45:00,42.95822680000001
2016-04-04 08:00:00,48.1793933
2016-04-04 08:15:00,49.0070052
2016-04-04 08:30:00,54.13947630000001
2016-04-04 08:45:00,50.822512200000006
2016-04-04 09:00:00,58.8771957
2016-04-04 09:15:00,79.6673406
2016-04-04 09:30:00,84.3120296
2016-04-04 09:45:00,106.4878818
2016-04-04 10:00:00,119.1829044
2016-04-04 10:15:00,129.20242400000004
2016-04-04 10:30:00,140.5272256
2016-04-04 10:45:00,134.7155476
2016-04-04 11:00:00,143.53346120000003
2016-04-04 11:15:00,143.96705220000004
2016-04-04 11:30:00,144.40064320000005
2016-04-04 11:45:00,146.8021544
2016-04-04 12:00:00,153.56654509999996
2016-04-04 12:15:00,142.98228519999995
2016-04-04 12:30:00,148.9273728
2016-04-04 12:45:00,161.76558880000002
2016-04-04 13:00:00,161.28551800000002
2016-04-04 13:15:00,164.7895508
2016-04-04 13:30:00,163.13114500000003
2016-04-04 13:45:00,143.5751949
2016-04-04 14:00:00,141.580755
2016-04-04 14:15:00,142.0726918
2016-04-04 14:30:00,143.3695113
2016-04-04 14:45:00,143.620911
2016-04-04 15:00:00,143.3521698
2016-04-04 15:15:00,160.60414609999998
2016-04-04 15:30:00,162.96880979999997
2016-04-04 15:45:00,163.1665724
2016-04-04 16:00:00,161.87181040000002
2016-04-04 16:15:00,151.466048
2016-04-04 16:30:00,137.1385378
2016-04-04 16:45:00,119.5158783
2016-04-04 17:00:00,90.0486882
2016-04-04 17:15:00,79.44981800000001
2016-04-04 17:30:00,70.0512745
2016-04-04 17:45:00,68.80142078333334
2016-04-04 18:00:00,67.55156706666668
2016-04-04 18:15:00,66.30171335
2016-04-04 18:30:00,65.05185963333334
2016-04-04 18:45:00,63.80200591666667
2016-04-04 19:00:00,62.5521522
2016-04-04 19:15:00,60.9574142
2016-04-04 19:30:00,64.97454330000001
2016-04-04 19:45:00,61.75670600000001
2016-04-04 20:00:00,57.9535988
2016-04-04 20:15:00,53.97791839999999
2016-04-04 20:30:00,54.08013890000001
2016-04-04 20:45:00,57.96842129999999
2016-04-04 21:00:00,47.7859398
2016-04-04 21:15:00,46.1970324
2016-04-04 21:30:00,39.6144527
2016-04-04 21:45:00,32.577915600000004
2016-04-04 22:00:00,41.8867641
2016-04-04 22:15:00,37.06419220000001
2016-04-04 22:30:00,31.8173904
2016-04-04 22:45:00,33.588877200000006
2016-04-04 23:00:00,34.640331
2016-04-04 23:15:00,42.4486394
2016-04-04 23:30:00,34.035075299999995
2016-04-04 23:45:00,33.94027439999999
2016-04-05 00:00:00,32.337740700000005
2016-04-05 00:15:00,33.348044200000004
2016-04-05 00:30:00,44.1467448
2016-04-05 00:45:00,31.741493400000003
2016-04-05 01:00:00,32.832475800000005
2016-04-05 01:15:00,33.352166399999994
2016-04-05 01:30:00,33.3550869
2016-04-05 01:45:00,44.404410799999994
2016-04-05 02:00:00,33.75565829999999
2016-04-05 02:15:00,32.99663759999999
2016-04-05 02:30:00,30.2535794
2016-04-05 02:45:00,33.31140910000001
2016-04-05 03:00:00,44.32515480000001
2016-04-05 03:15:00,31.67396
2016-04-05 03:30:00,33.405573600000004
2016-04-05 03:45:00,34.6709291
2016-04-05 04:00:00,33.437809800000004
2016-04-05 04:15:00,42.827163
2016-04-05 04:30:00,33.72809660000001
2016-04-05 04:45:00,32.5105408
2016-04-05 05:00:00,33.71725440000001
2016-04-05 05:15:00,37.1522248
2016-04-05 05:30:00,38.9749448
2016-04-05 05:45:00,32.686928
2016-04-05 06:00:00,33.3045382
2016-04-05 06:15:00,33.922148400000005
2016-04-05 06:30:00,32.098651600000004
2016-04-05 06:45:00,38.1210937
2016-04-05 07:00:00,39.0156875
2016-04-05 07:15:00,32.6230578
2016-04-05 07:30:00,33.6278354
2016-04-05 07:45:00,34.729471200000006
2016-04-05 08:00:00,43.0371299
2016-04-05 08:15:00,47.196583399999994
2016-04-05 08:30:00,50.6264818
2016-04-05 08:45:00,51.80498540000001
2016-04-05 09:00:00,58.83047460000001
2016-04-05 09:15:00,89.36459090000002
2016-04-05 09:30:00,102.80173487500002
2016-04-05 09:45:00,116.23887885000003
2016-04-05 10:00:00,129.67602282500005
2016-04-05 10:15:00,143.11316680000004
2016-04-05 10:30:00,175.0014752
2016-04-05 10:45:00,184.38007040000002
2016-04-05 11:00:00,172.71668480000002
2016-04-05 11:15:00,177.7266304
2016-04-05 11:30:00,192.54933950000003
2016-04-05 11:45:00,200.2123671
2016-04-05 12:00:00,195.8088256
2016-04-05 12:15:00,191.0528672
2016-04-05 12:30:00,209.76759600000003
2016-04-05 12:45:00,205.7382195
2016-04-05 13:00:00,217.24589520000004
2016-04-05 13:15:00,202.9632548
2016-04-05 13:30:00,163.8460427
2016-04-05 13:45:00,160.9329486
2016-04-05 14:00:00,158.06759880000004
2016-04-05 14:15:00,166.13276499999998
2016-04-05 14:30:00,173.17795230000004
2016-04-05 14:45:00,180.906147
2016-04-05 15:00:00,189.9472604
2016-04-05 15:15:00,189.6054064
2016-04-05 15:30:00,184.3800909
2016-04-05 15:45:00,182.3402612
2016-04-05 16:00:00,178.27434739999995
2016-04-05 16:15:00,171.84736200000003
2016-04-05 16:30:00,145.6669024
2016-04-05 16:45:00,129.45445450000003
2016-04-05 17:00:00,107.1701506
2016-04-05 17:15:00,84.83419599999998
2016-04-05 17:30:00,78.77976680000002
2016-04-05 17:45:00,75.7219183
2016-04-05 18:00:00,72.6640698
2016-04-05 18:15:00,72.02578656
2016-04-05 18:30:00,71.38750332
2016-04-05 18:45:00,70.74922008
2016-04-05 19:00:00,70.11093684
2016-04-05 19:15:00,69.4726536
2016-04-05 19:30:00,68.97597540000001
2016-04-05 19:45:00,56.17190160000001
2016-04-05 20:00:00,52.701871499999996
2016-04-05 20:15:00,52.771498
2016-04-05 20:30:00,48.230810399999996
2016-04-05 20:45:00,55.8765421
2016-04-05 21:00:00,46.27754490000001
2016-04-05 21:15:00,42.6603639
2016-04-05 21:30:00,41.3298327
2016-04-05 21:45:00,43.5678708
2016-04-05 22:00:00,52.5048402
2016-04-05 22:15:00,38.3739241
2016-04-05 22:30:00,37.7147112
2016-04-05 22:45:00,37.30151299999999
2016-04-05 23:00:00,35.0414208
2016-04-05 23:15:00,48.8235116
2016-04-05 23:30:00,36.482068
2016-04-05 23:45:00,36.39379459999999
2016-04-06 00:00:00,38.200976399999995
2016-04-06 00:15:00,37.0965636
2016-04-06 00:30:00,44.8795952
2016-04-06 00:45:00,37.7743102
2016-04-06 01:00:00,37.0449132
2016-04-06 01:15:00,35.0203648
2016-04-06 01:30:00,36.697573799999994
2016-04-06 01:45:00,47.96173029999999
2016-04-06 02:00:00,35.24119459999999
2016-04-06 02:15:00,37.366695
2016-04-06 02:30:00,36.69991320000001
2016-04-06 02:45:00,37.897791600000005
2016-04-06 03:00:00,46.5742746
2016-04-06 03:15:00,36.782827600000005
2016-04-06 03:30:00,36.67365339999999
2016-04-06 03:45:00,35.36523889999999
2016-04-06 04:00:00,40.07601450000001
2016-04-06 04:15:00,45.4465994
2016-04-06 04:30:00,41.039221749999996
2016-04-06 04:45:00,36.6318441
2016-04-06 05:00:00,37.784735299999994
2016-04-06 05:15:00,36.443139
2016-04-06 05:30:00,42.1664081
2016-04-06 05:45:00,42.1081023
2016-04-06 06:00:00,37.02723080000001
2016-04-06 06:15:00,35.655493
2016-04-06 06:30:00,37.3943784
2016-04-06 06:45:00,43.28266800000001
2016-04-06 07:00:00,37.96094219999999
2016-04-06 07:15:00,35.30448840000001
2016-04-06 07:30:00,36.533384999999996
2016-04-06 07:45:00,34.908621600000004
2016-04-06 08:00:00,52.1180511
2016-04-06 08:15:00,50.239724
2016-04-06 08:30:00,53.3263971
2016-04-06 08:45:00,69.96949479999999
2016-04-06 09:00:00,88.7453031
2016-04-06 09:15:00,124.9743285
2016-04-06 09:30:00,132.46438279999998
2016-04-06 09:45:00,145.08639864999998
2016-04-06 10:00:00,157.70841449999998
2016-04-06 10:15:00,170.33043034999997
2016-04-06 10:30:00,182.95244619999997
2016-04-06 10:45:00,201.51029240000003
2016-04-06 11:00:00,192.0739632
2016-04-06 11:15:00,195.14302160000003
2016-04-06 11:30:00,204.3503434
2016-04-06 11:45:00,230.76839390000004
2016-04-06 12:00:00,222.06737259999997
2016-04-06 12:15:00,223.80817320000003
2016-04-06 12:30:00,220.92600320000003
2016-04-06 12:45:00,224.07414469999998
2016-04-06 13:00:00,236.5233284
2016-04-06 13:15:00,227.00215720000003
2016-04-06 13:30:00,221.7115341
2016-04-06 13:45:00,200.809069
2016-04-06 14:00:00,202.18342480000004
2016-04-06 14:15:00,197.9016858
2016-04-06 14:30:00,207.6523956
2016-04-06 14:45:00,200.09224440000003
2016-04-06 15:00:00,197.46563999999998
2016-04-06 15:15:00,197.6922764
2016-04-06 15:30:00,193.30830000000003
2016-04-06 15:45:00,197.0949854
2016-04-06 16:00:00,184.8313948
2016-04-06 16:15:00,171.6234244
2016-04-06 16:30:00,156.70890640000005
2016-04-06 16:45:00,133.4087044
2016-04-06 17:00:00,112.424636
2016-04-06 17:15:00,87.37792089999998
2016-04-06 17:30:00,80.73319930000002
2016-04-06 17:45:00,74.31431819999997
2016-04-06 18:00:00,73.22565850000002
2016-04-06 18:15:00,81.2005925
2016-04-06 18:30:00,74.9588832
2016-04-06 18:45:00,73.1593162
2016-04-06 19:00:00,67.9265628
2016-04-06 19:15:00,68.58244880000001
2016-04-06 19:30:00,75.64174669999998
2016-04-06 19:45:00,58.2229806
2016-04-06 20:00:00,56.15916100000001
2016-04-06 20:15:00,58.2469804
2016-04-06 20:30:00,55.66924339999999
2016-04-06 20:45:00,60.963058999999994
2016-04-06 21:00:00,56.10897620000001
2016-04-06 21:15:00,49.675369
2016-04-06 21:30:00,42.98830140000001
2016-04-06 21:45:00,46.5943644
2016-04-06 22:00:00,53.98755129999999
2016-04-06 22:15:00,42.168477200000005
2016-04-06 22:30:00,44.6878728
2016-04-06 22:45:00,41.5361956
2016-04-06 23:00:00,-0.2416193666666669
2016-04-06 23:15:00,45.1906606
2016-04-06 23:30:00,37.0997756
2016-04-06 23:45:00,36.752160599999996
2016-04-07 00:00:00,36.4045456
2016-04-07 00:15:00,36.67215829999999
2016-04-07 00:30:00,41.5660708
2016-04-07 00:45:00,39.330704600000004
2016-04-07 01:00:00,36.13657500000001
2016-04-07 01:15:00,36.700455600000005
2016-04-07 01:30:00,34.3454694
2016-04-07 01:45:00,40.690172600000004
2016-04-07 02:00:00,41.69328000000001
2016-04-07 02:15:00,35.47334760000001
2016-04-07 02:30:00,37.27619740000001
2016-04-07 02:45:00,35.536164899999996
2016-04-07 03:00:00,45.57146159999999
2016-04-07 03:15:00,38.132568
2016-04-07 03:30:00,36.8246565
2016-04-07 03:45:00,36.468422600000004
2016-04-07 04:00:00,34.472560599999994
2016-04-07 04:15:00,48.9756142
2016-04-07 04:30:00,36.492965600000005
2016-04-07 04:45:00,36.2014154
2016-04-07 05:00:00,35.763703799999995
2016-04-07 05:15:00,36.9827956
2016-04-07 05:30:00,47.026743599999996
2016-04-07 05:45:00,37.9787601
2016-04-07 06:00:00,36.352732200000005
2016-04-07 06:15:00,36.0117652
2016-04-07 06:30:00,35.735473999999996
2016-04-07 06:45:00,48.8080253
2016-04-07 07:00:00,32.8835448
2016-04-07 07:15:00,37.6301051
2016-04-07 07:30:00,37.2501076
2016-04-07 07:45:00,37.593217
2016-04-07 08:00:00,52.7275541
2016-04-07 08:15:00,56.08260980000001
2016-04-07 08:30:00,62.6281213
2016-04-07 08:45:00,68.7816036
2016-04-07 09:00:00,87.43281900000002
2016-04-07 09:15:00,112.37283020000001
2016-04-07 09:30:00,138.83849589999997
2016-04-07 09:45:00,141.56072915
2016-04-07 10:00:00,144.2829624
2016-04-07 10:15:00,157.08568315000002
2016-04-07 10:30:00,169.88840390000004
2016-04-07 10:45:00,172.330872
2016-04-07 11:00:00,177.50558850000004
2016-04-07 11:15:00,176.26209720000003
2016-04-07 11:30:00,177.8264739
2016-04-07 11:45:00,193.5242112
2016-04-07 12:00:00,176.14757609999998
2016-04-07 12:15:00,182.92652095
2016-04-07 12:30:00,189.7054658
2016-04-07 12:45:00,184.1377708
2016-04-07 13:00:00,178.57007579999996
2016-04-07 13:15:00,177.34174279999996
2016-04-07 13:30:00,176.11340979999997
2016-04-07 13:45:00,174.88507679999998
2016-04-07 14:00:00,173.6567438
2016-04-07 14:15:00,172.4284108
2016-04-07 14:30:00,171.2000778
2016-04-07 14:45:00,169.9717448
2016-04-07 15:00:00,168.74341180000002
2016-04-07 15:15:00,167.51507880000003
2016-04-07 15:30:00,170.62717750000004
2016-04-07 15:45:00,172.34908980000003
2016-04-07 16:00:00,192.7156777
2016-04-07 16:15:00,173.4059819
2016-04-07 16:30:00,166.43259770000003
2016-04-07 16:45:00,149.78053260000004
2016-04-07 17:00:00,128.7811412
2016-04-07 17:15:00,100.72262540000001
2016-04-07 17:30:00,89.53829925
2016-04-07 17:45:00,78.35397309999999
2016-04-07 18:00:00,64.8889129
2016-04-07 18:15:00,67.78550880000002
2016-04-07 18:30:00,62.857964
2016-04-07 18:45:00,58.71109305
2016-04-07 19:00:00,54.5642221
2016-04-07 19:15:00,49.5596766
2016-04-07 19:30:00,54.3531846
2016-04-07 19:45:00,50.9689776
2016-04-07 20:00:00,46.28929
2016-04-07 20:15:00,43.747262
2016-04-07 20:30:00,41.54349570000001
2016-04-07 20:45:00,46.83342560000001
2016-04-07 21:00:00,42.901946
2016-04-07 21:15:00,39.83452020000001
2016-04-07 21:30:00,40.2514555
2016-04-07 21:45:00,38.0824344
2016-04-07 22:00:00,43.195034
2016-04-07 22:15:00,41.6257854
2016-04-07 22:30:00,39.1037692
2016-04-07 22:45:00,35.391349100000006
2016-04-07 23:00:00,37.3428936
2016-04-07 23:15:00,44.7391422
2016-04-07 23:30:00,35.53107559999999
2016-04-07 23:45:00,33.9806666
2016-04-08 00:00:00,34.770886600000004
2016-04-08 00:15:00,33.882938700000004
2016-04-08 00:30:00,42.48510159999999
2016-04-08 00:45:00,34.91928479999999
2016-04-08 01:00:00,34.07412420000001
2016-04-08 01:15:00,32.7261249
2016-04-08 01:30:00,34.835788
2016-04-08 01:45:00,46.35366259999999
2016-04-08 02:00:00,34.6752715
2016-04-08 02:15:00,36.2790935
2016-04-08 02:30:00,35.332778000000005
2016-04-08 02:45:00,33.49508659999999
2016-04-08 03:00:00,47.05310610000001
2016-04-08 03:15:00,36.263439500000004
2016-04-08 03:30:00,33.3537898
2016-04-08 03:45:00,33.152225800000004
2016-04-08 04:00:00,34.6417287
2016-04-08 04:15:00,45.33263090000001
2016-04-08 04:30:00,33.654627999999995
2016-04-08 04:45:00,35.79801440000001
2016-04-08 05:00:00,36.73327066666667
2016-04-08 05:15:00,37.668526933333325
2016-04-08 05:30:00,38.60378319999999
2016-04-08 05:45:00,42.7274079
2016-04-08 06:00:00,35.5512468
2016-04-08 06:15:00,34.54989570000001
2016-04-08 06:30:00,34.309877699999994
2016-04-08 06:45:00,43.24302150000001
2016-04-08 07:00:00,43.63156760000001
2016-04-08 07:15:00,44.02011370000001
2016-04-08 07:30:00,44.4086598
2016-04-08 07:45:00,44.7972059
2016-04-08 08:00:00,45.185752
2016-04-08 08:15:00,42.864933750000006
2016-04-08 08:30:00,40.544115500000004
2016-04-08 08:45:00,38.22329725
2016-04-08 09:00:00,35.90247900000001
2016-04-08 09:15:00,35.47737645
2016-04-08 09:30:00,35.0522739
2016-04-08 09:45:00,34.62717135
2016-04-08 10:00:00,34.20206879999999
2016-04-08 10:15:00,36.9919408
2016-04-08 10:30:00,47.57171039999999
2016-04-08 10:45:00,46.34186714999999
2016-04-08 11:00:00,45.1120239
2016-04-08 11:15:00,43.882180649999995
2016-04-08 11:30:00,42.65233739999999
2016-04-08 11:45:00,41.42249415
2016-04-08 12:00:00,40.1926509
2016-04-08 12:15:00,38.96280765
2016-04-08 12:30:00,37.7329644
2016-04-08 12:45:00,36.603153000000006
2016-04-08 13:00:00,50.3291857
2016-04-08 13:15:00,37.19131899999999
2016-04-08 13:30:00,36.2333658
2016-04-08 13:45:00,40.0300946
2016-04-08 14:00:00,37.3881152
2016-04-08 14:15:00,34.936463700000004
2016-04-08 14:30:00,34.88146538461539
2016-04-08 14:45:00,34.82646706923077
2016-04-08 15:00:00,34.77146875384616
2016-04-08 15:15:00,34.71647043846154
2016-04-08 15:30:00,34.661472123076926
2016-04-08 15:45:00,34.60647380769231
2016-04-08 16:00:00,34.551475492307695
2016-04-08 16:15:00,34.49647717692308
2016-04-08 16:30:00,34.441478861538464
2016-04-08 16:45:00,34.38648054615385
2016-04-08 17:00:00,34.33148223076923
2016-04-08 17:15:00,34.27648391538462
2016-04-08 17:30:00,34.2214856
2016-04-08 17:45:00,39.412773
2016-04-08 18:00:00,38.76409200000001
2016-04-08 18:15:00,45.041655799999994
2016-04-08 18:30:00,40.31031840000001
2016-04-08 18:45:00,38.3199513
2016-04-08 19:00:00,38.40424350000001
2016-04-08 19:15:00,40.54834949999999
2016-04-08 19:30:00,47.90617279999999
2016-04-08 19:45:00,38.5737986
2016-04-08 20:00:00,39.5869975
2016-04-08 20:15:00,39.33108830000001
2016-04-08 20:30:00,42.4627754
2016-04-08 20:45:00,45.2327792
2016-04-08 21:00:00,39.518794
2016-04-08 21:15:00,38.7267922
2016-04-08 21:30:00,37.9347904
2016-04-08 21:45:00,33.1695548
2016-04-08 22:00:00,41.1711412
2016-04-08 22:15:00,41.809029200000005
2016-04-08 22:30:00,33.340182500000004
2016-04-08 22:45:00,36.1526148
2016-04-08 23:00:00,34.590936799999994
2016-04-08 23:15:00,37.494167
2016-04-08 23:30:00,37.5572505
2016-04-08 23:45:00,33.262950000000004
2016-04-09 00:00:00,33.803648200000005
2016-04-09 00:15:00,34.12568900000001
2016-04-09 00:30:00,40.5371152
2016-04-09 00:45:00,36.7822667
2016-04-09 01:00:00,33.1824129
2016-04-09 01:15:00,35.1974099
2016-04-09 01:30:00,34.323888700000005
2016-04-09 01:45:00,43.38053789999999
2016-04-09 02:00:00,35.36939099999999
2016-04-09 02:15:00,35.47625439999999
2016-04-09 02:30:00,32.955966499999995
2016-04-09 02:45:00,34.08571060000001
2016-04-09 03:00:00,47.5676596
2016-04-09 03:15:00,32.763414000000004
2016-04-09 03:30:00,35.2839922
2016-04-09 03:45:00,35.416591
2016-04-09 04:00:00,32.1348549
2016-04-09 04:15:00,46.4274261
2016-04-09 04:30:00,35.55003320000001
2016-04-09 04:45:00,32.9509145
2016-04-09 05:00:00,33.493742
2016-04-09 05:15:00,34.968199500000004
2016-04-09 05:30:00,42.9898905
2016-04-09 05:45:00,39.959296333333334
2016-04-09 06:00:00,36.92870216666667
2016-04-09 06:15:00,33.898108
2016-04-09 06:30:00,35.40653440000001
2016-04-09 06:45:00,39.469610700000004
2016-04-09 07:00:00,37.444471500000006
2016-04-09 07:15:00,41.48187696000001
2016-04-09 07:30:00,45.51928242
2016-04-09 07:45:00,49.556687880000005
2016-04-09 08:00:00,53.59409334
2016-04-09 08:15:00,57.6314988
2016-04-09 08:30:00,65.3152716
2016-04-09 08:45:00,64.8824358
2016-04-09 09:00:00,72.0159364
2016-04-09 09:15:00,110.55410239999999
2016-04-09 09:30:00,131.20950760000002
2016-04-09 09:45:00,134.82530730000002
2016-04-09 10:00:00,143.01405119999998
2016-04-09 10:15:00,144.46270969999998
2016-04-09 10:30:00,157.2399939
2016-04-09 10:45:00,166.64560440000002
2016-04-09 11:00:00,167.07562399999995
2016-04-09 11:15:00,171.72323400000005
2016-04-09 11:30:00,173.99493220000005
2016-04-09 11:45:00,185.6505992
2016-04-09 12:00:00,175.013184
2016-04-09 12:15:00,168.7066622
2016-04-09 12:30:00,170.55003090000002
2016-04-09 12:45:00,162.87936759999997
2016-04-09 13:00:00,164.49544319999998
2016-04-09 13:15:00,134.52780719999998
2016-04-09 13:30:00,105.74052200000004
2016-04-09 13:45:00,100.44627840000001
2016-04-09 14:00:00,85.7739115
2016-04-09 14:15:00,81.00586419999998
2016-04-09 14:30:00,87.4376105
2016-04-09 14:45:00,69.4424608
2016-04-09 15:00:00,64.63341429999998
2016-04-09 15:15:00,60.3542114
2016-04-09 15:30:00,56.7040998
2016-04-09 15:45:00,65.3905784
2016-04-09 16:00:00,55.398188
2016-04-09 16:15:00,53.9439999
2016-04-09 16:30:00,49.98916199999999
2016-04-09 16:45:00,48.5445496
2016-04-09 17:00:00,61.66681320000001
2016-04-09 17:15:00,46.681008
2016-04-09 17:30:00,45.2693694
2016-04-09 17:45:00,45.5959813
2016-04-09 18:00:00,41.07124099999999
2016-04-09 18:15:00,51.2201944
2016-04-09 18:30:00,42.390096500000006
2016-04-09 18:45:00,41.9089236
2016-04-09 19:00:00,39.4069578
2016-04-09 19:15:00,40.110711200000004
2016-04-09 19:30:00,48.4278774
2016-04-09 19:45:00,38.7371124
2016-04-09 20:00:00,38.727222600000005
2016-04-09 20:15:00,36.07872939999999
2016-04-09 20:30:00,34.186915
2016-04-09 20:45:00,43.565346000000005
2016-04-09 21:00:00,34.227408399999995
2016-04-09 21:15:00,35.073227100000004
2016-04-09 21:30:00,32.166422999999995
2016-04-09 21:45:00,34.6843136
2016-04-09 22:00:00,45.3329664
2016-04-09 22:15:00,31.815992400000006
2016-04-09 22:30:00,34.2472348
2016-04-09 22:45:00,34.039063
2016-04-09 23:00:00,33.857055233333334
2016-04-09 23:15:00,33.67504746666666
2016-04-09 23:30:00,33.4930397
2016-04-09 23:45:00,33.31103193333333
2016-04-10 00:00:00,33.12902416666666
2016-04-10 00:15:00,32.947016399999995
2016-04-10 00:30:00,42.7072857
2016-04-10 00:45:00,33.0472075
2016-04-10 01:00:00,33.28880839705882
2016-04-10 01:15:00,33.530409294117646
2016-04-10 01:30:00,33.77201019117647
2016-04-10 01:45:00,34.013611088235294
2016-04-10 02:00:00,34.25521198529412
2016-04-10 02:15:00,34.49681288235294
2016-04-10 02:30:00,34.738413779411765
2016-04-10 02:45:00,34.98001467647059
2016-04-10 03:00:00,35.22161557352941
2016-04-10 03:15:00,35.463216470588236
2016-04-10 03:30:00,35.70481736764706
2016-04-10 03:45:00,35.94641826470588
2016-04-10 04:00:00,36.18801916176471
2016-04-10 04:15:00,36.42962005882353
2016-04-10 04:30:00,36.671220955882355
2016-04-10 04:45:00,36.91282185294118
2016-04-10 05:00:00,37.154422749999995
2016-04-10 05:15:00,37.396023647058826
2016-04-10 05:30:00,37.63762454411764
2016-04-10 05:45:00,37.879225441176466
2016-04-10 06:00:00,38.12082633823529
2016-04-10 06:15:00,38.36242723529411
2016-04-10 06:30:00,38.60402813235294
2016-04-10 06:45:00,38.84562902941176
2016-04-10 07:00:00,39.087229926470584
2016-04-10 07:15:00,39.32883082352941
2016-04-10 07:30:00,39.57043172058823
2016-04-10 07:45:00,39.812032617647056
2016-04-10 08:00:00,40.05363351470588
2016-04-10 08:15:00,40.2952344117647
2016-04-10 08:30:00,40.53683530882353
2016-04-10 08:45:00,40.77843620588235
2016-04-10 09:00:00,41.020037102941174
2016-04-10 09:15:00,41.261638
2016-04-10 09:30:00,36.97958679999999
2016-04-10 09:45:00,36.97953263333333
2016-04-10 10:00:00,36.97947846666666
2016-04-10 10:15:00,36.9794243
2016-04-10 10:30:00,42.3141972
2016-04-10 10:45:00,42.39483740000001
2016-04-10 11:00:00,37.4853922
2016-04-10 11:15:00,36.7782114
2016-04-10 11:30:00,41.272851900000006
2016-04-10 11:45:00,45.7674924
2016-04-10 12:00:00,43.06424370000001
2016-04-10 12:15:00,39.185037200000004
2016-04-10 12:30:00,41.508690400000006
2016-04-10 12:45:00,39.78096960000001
2016-04-10 13:00:00,39.84838740000001
2016-04-10 13:15:00,39.91580520000001
2016-04-10 13:30:00,39.983223
2016-04-10 13:45:00,38.916229
2016-04-10 14:00:00,36.6856449
2016-04-10 14:15:00,34.74939010000001
2016-04-10 14:30:00,40.62608760000001
2016-04-10 14:45:00,39.174834999999995
2016-04-10 15:00:00,36.1948776
2016-04-10 15:15:00,35.949807
2016-04-10 15:30:00,35.996753885
2016-04-10 15:45:00,36.04370077
2016-04-10 16:00:00,36.090647655
2016-04-10 16:15:00,36.13759454
2016-04-10 16:30:00,36.184541425
2016-04-10 16:45:00,36.23148831
2016-04-10 17:00:00,36.278435195
2016-04-10 17:15:00,36.325382080000004
2016-04-10 17:30:00,36.372328965
2016-04-10 17:45:00,36.419275850000005
2016-04-10 18:00:00,36.466222735
2016-04-10 18:15:00,36.51316962
2016-04-10 18:30:00,36.560116505
2016-04-10 18:45:00,36.60706339
2016-04-10 19:00:00,36.654010275000005
2016-04-10 19:15:00,36.70095716
2016-04-10 19:30:00,36.747904045000006
2016-04-10 19:45:00,36.79485093
2016-04-10 20:00:00,36.84179781500001
2016-04-10 20:15:00,36.888744700000004
2016-04-10 20:30:00,35.43749180000001
2016-04-10 20:45:00,43.0230402
2016-04-10 21:00:00,36.3585031
2016-04-10 21:15:00,35.6599689
2016-04-10 21:30:00,33.3443804
2016-04-10 21:45:00,33.3347598
2016-04-10 22:00:00,40.9858099
2016-04-10 22:15:00,34.513318
2016-04-10 22:30:00,33.067972999999995
2016-04-10 22:45:00,32.1138856
2016-04-10 23:00:00,32.6513299
2016-04-10 23:15:00,42.3561539
2016-04-10 23:30:00,32.228595
2016-04-10 23:45:00,34.1312144
2016-04-11 00:00:00,32.815700400000004
2016-04-11 00:15:00,33.205893333333336
2016-04-11 00:30:00,33.59608626666667
2016-04-11 00:45:00,33.9862792
2016-04-11 01:00:00,33.59407720000001
2016-04-11 01:15:00,33.3512611
2016-04-11 01:30:00,32.206258
2016-04-11 01:45:00,43.611723
2016-04-11 02:00:00,31.286701200000003
2016-04-11 02:15:00,33.4903576
2016-04-11 02:30:00,32.132936300000004
2016-04-11 02:45:00,31.5076445
2016-04-11 03:00:00,45.1372859
2016-04-11 03:15:00,34.36771999999999
2016-04-11 03:30:00,32.5446342
2016-04-11 03:45:00,32.6562825
2016-04-11 04:00:00,33.1956162
2016-04-11 04:15:00,43.864338200000006
2016-04-11 04:30:00,33.0171397
2016-04-11 04:45:00,34.1167282
2016-04-11 05:00:00,33.467768400000004
2016-04-11 05:15:00,31.7401161
2016-04-11 05:30:00,45.1282341
2016-04-11 05:45:00,31.2820502
2016-04-11 06:00:00,32.3123778
2016-04-11 06:15:00,31.25118040000001
2016-04-11 06:30:00,32.30481339999999
2016-04-11 06:45:00,36.565201833333326
2016-04-11 07:00:00,40.825590266666666
2016-04-11 07:15:00,45.0859787
2016-04-11 07:30:00,49.34636713333333
2016-04-11 07:45:00,53.60675556666666
2016-04-11 08:00:00,57.867143999999996
2016-04-11 08:15:00,52.17458250000001
2016-04-11 08:30:00,64.8530936
2016-04-11 08:45:00,81.7856731
2016-04-11 09:00:00,99.2337993
2016-04-11 09:15:00,134.9170146
2016-04-11 09:30:00,131.9597318
2016-04-11 09:45:00,141.57007380000005
2016-04-11 10:00:00,145.45758899999998
2016-04-11 10:15:00,162.74124620000003
2016-04-11 10:30:00,171.8883983
2016-04-11 10:45:00,167.90294160000005
2016-04-11 11:00:00,171.78877289999997
2016-04-11 11:15:00,170.33794070000005
2016-04-11 11:30:00,183.17508740000002
2016-04-11 11:45:00,196.0122341
2016-04-11 12:00:00,185.80991665000002
2016-04-11 12:15:00,175.60759920000004
2016-04-11 12:30:00,200.7789689
2016-04-11 12:45:00,201.0596985
2016-04-11 13:00:00,221.6438087
2016-04-11 13:15:00,201.5137868
2016-04-11 13:30:00,176.36738539999996
2016-04-11 13:45:00,172.0390905
2016-04-11 14:00:00,175.668179
2016-04-11 14:15:00,168.64530119999998
2016-04-11 14:30:00,184.4899772
2016-04-11 14:45:00,173.02498356666666
2016-04-11 15:00:00,161.55998993333336
2016-04-11 15:15:00,150.09499630000002
2016-04-11 15:30:00,159.37554265
2016-04-11 15:45:00,168.65608899999998
2016-04-11 16:00:00,175.3347918
2016-04-11 16:15:00,158.45954559999996
2016-04-11 16:30:00,137.54860920000002
2016-04-11 16:45:00,136.81345059999998
2016-04-11 17:00:00,115.5620002
2016-04-11 17:15:00,104.209476
2016-04-11 17:30:00,94.0965413
2016-04-11 17:45:00,84.6002186
2016-04-11 18:00:00,74.6563762
2016-04-11 18:15:00,80.88118399999998
2016-04-11 18:30:00,77.41708386666664
2016-04-11 18:45:00,73.95298373333333
2016-04-11 19:00:00,70.4888836
2016-04-11 19:15:00,56.2086825
2016-04-11 19:30:00,57.27477260000001
2016-04-11 19:45:00,49.9531635
2016-04-11 20:00:00,45.7510328
2016-04-11 20:15:00,45.44073630000001
2016-04-11 20:30:00,44.542159600000005
2016-04-11 20:45:00,48.9900486
2016-04-11 21:00:00,44.82169860000001
2016-04-11 21:15:00,42.29677150000001
2016-04-11 21:30:00,41.808795
2016-04-11 21:45:00,42.9430688
2016-04-11 22:00:00,45.206343
2016-04-11 22:15:00,34.360499100000006
2016-04-11 22:30:00,34.8956409
2016-04-11 22:45:00,34.5716946
2016-04-11 23:00:00,33.6337944
2016-04-11 23:15:00,44.39900160000001
2016-04-11 23:30:00,34.5214306
2016-04-11 23:45:00,33.494088000000005
2016-04-12 00:00:00,33.494088000000005
